"Price","Supplier","Type","Cancellation Fee","Discounts available?","Introductory price?","More info","Service Type","Rate type","Term Length","PA wind","Renewable Energy","Term End Date","Enrollment Fee"
"0.0789","Starion Energy","Fixed price","100","No","No","EcoGreen Secure. 100% of your usage will be matched with national wind renewable energy certificates. Your price per kWh will remain the same for a set term. Contact us for more information today.

Starion Energy offers live, Pennsylvania-based customer service.","Residential","RS - Regular Residential Service","6 months","No","100.00","",""
"0.0789","Starion Energy","Fixed price","100","No","No","EcoGreen Secure. 100% of your usage will be matched with national wind renewable energy certificates. Your price per kWh will remain the same for a set term. Contact us for more information today.

Starion Energy offers live, Pennsylvania-based customer service.","Residential","RS - Regular Residential Service","6 months","No","100.00","",""
"0.0969","IGS Energy","Fixed price","99","No","No","How you benefit:

With a fixed rate we provide you with the peace-of-mind and savings that comes with locking in at our low rates. 
","Residential","RS - Regular Residential Service","36 months","No","","",""
"0.0969","IGS Energy","Fixed price","99","No","No","How you benefit:

With a fixed rate we provide you with the peace-of-mind and savings that comes with locking in at our low rates. 
","Residential","RS - Regular Residential Service","36 months","No","","",""
"0.0780","BlueRock Energy Inc.","Fixed price","","No","No","Call our office at 877-280-4909 for questions or to sign up.","Residential","RS - Regular Residential Service","24 months","No","","",""
"0.0780","BlueRock Energy Inc.","Fixed price","","No","No","Call our office at 877-280-4909 for questions or to sign up.","Residential","RS - Regular Residential Service","24 months","No","","",""
"0.1069","SFE Energy","Fixed price","$2.50 + tax per month or partial month remaining on the Agreement Term.","Yes","Yes","SFE will plant 1 tree on your behalf. You may receive up to $50 cash back if you don’t save money over the course of your Agreement's term. 
","Residential","RS - Regular Residential Service","24 months","No","100.00","",""
"0.1069","SFE Energy","Fixed price","$2.50 + tax per month or partial month remaining on the Agreement Term.","Yes","Yes","SFE will plant 1 tree on your behalf. You may receive up to $50 cash back if you don’t save money over the course of your Agreement's term. 
","Residential","RS - Regular Residential Service","24 months","No","100.00","",""
"0.0690","Agway Energy Services LLC ","Variable price","","No","Yes","Promotional rate for the 1st bill.","Residential","RS - Regular Residential Service","No term length","No","100.00","",""
"0.0690","Agway Energy Services LLC ","Variable price","","No","Yes","Promotional rate for the 1st bill.","Residential","RS - Regular Residential Service","No term length","No","","",""
"0.0690","Agway Energy Services LLC ","Variable price","","No","Yes","Promotional rate for the 1st bill.","Residential","RS - Regular Residential Service","No term length","No","100.00","",""
"0.0690","Agway Energy Services LLC ","Variable price","","No","Yes","Promotional rate for the 1st bill.","Residential","RS - Regular Residential Service","No term length","No","","",""
"0.0835","AEP Energy","Fixed price","$99","Yes","No","Enjoy a year of Prime, a $99 value, on us when you enroll your home on our energy supply. Already a Prime member? Extend your existing membership for one year with this offer. This offer is for new customers only and subject to availability.","Residential","RH - Residential Heating Service","12 months","No","","",""
"0.0759","AEP Energy","Fixed price","","No","No","Fixed Rate • No Monthly Fee • No Cancellation Fee • New Customers Only","Residential","RH - Residential Heating Service","6 months","No","100.00","",""
"0.0835","AEP Energy","Fixed price","$99","Yes","No","Enjoy a year of Prime, a $99 value, on us when you enroll your home on our energy supply. Already a Prime member? Extend your existing membership for one year with this offer. This offer is for new customers only and subject to availability.","Residential","RS - Regular Residential Service","12 months","No","","",""
"0.0759","AEP Energy","Fixed price","","No","No","Fixed Rate • No Monthly Fee • No Cancellation Fee • New Customers Only","Residential","RS - Regular Residential Service","6 months","No","100.00","",""
"0.0759","AEP Energy","Fixed price","","No","No","Fixed Rate • No Monthly Fee • No Cancellation Fee • New Customers Only","Residential","RH - Residential Heating Service","6 months","No","100.00","",""
"0.0759","AEP Energy","Fixed price","","No","No","Fixed Rate • No Monthly Fee • No Cancellation Fee • New Customers Only","Residential","RA - Residential Add-on Heat Pump Service","6 months","No","100.00","",""
"0.0835","AEP Energy","Fixed price","$99","Yes","No","Enjoy a year of Prime, a $99 value, on us when you enroll your home on our energy supply. Already a Prime member? Extend your existing membership for one year with this offer. This offer is for new customers only and subject to availability.","Residential","RS - Regular Residential Service","12 months","No","","",""
"0.0789","AEP Energy","Fixed price","","No","No","Fixed Rate • No Monthly Fee • No Cancellation Fee • New Customers Only","Residential","RA - Residential Add-on Heat Pump Service","12 months","No","","",""
"0.0759","AEP Energy","Fixed price","","No","No","Fixed Rate • No Monthly Fee • No Cancellation Fee • New Customers Only","Residential","RS - Regular Residential Service","6 months","No","100.00","",""
"0.0835","AEP Energy","Fixed price","$99","Yes","No","Enjoy a year of Prime, a $99 value, on us when you enroll your home on our energy supply. Already a Prime member? Extend your existing membership for one year with this offer. This offer is for new customers only and subject to availability.","Residential","RA - Residential Add-on Heat Pump Service","12 months","No","","",""
"0.0789","AEP Energy","Fixed price","0","No","No","Fixed Rate • No Monthly Fee • No Cancellation Fee • New Customers Only","Residential","RS - Regular Residential Service","12 months","No","","",""
"0.0759","AEP Energy","Fixed price","","No","No","Fixed Rate • No Monthly Fee • No Cancellation Fee • New Customers Only","Residential","RA - Residential Add-on Heat Pump Service","6 months","No","100.00","",""
"0.0789","AEP Energy","Fixed price","","No","No","Fixed Rate • No Monthly Fee • No Cancellation Fee • New Customers Only","Residential","RA - Residential Add-on Heat Pump Service","12 months","No","","",""
"0.0789","AEP Energy","Fixed price","","No","No","Fixed Rate • No Monthly Fee • No Cancellation Fee • New Customers Only","Residential","RH - Residential Heating Service","12 months","No","","",""
"0.0835","AEP Energy","Fixed price","$99","Yes","No","Enjoy a year of Prime, a $99 value, on us when you enroll your home on our energy supply. Already a Prime member? Extend your existing membership for one year with this offer. This offer is for new customers only and subject to availability.","Residential","RA - Residential Add-on Heat Pump Service","12 months","No","","",""
"0.0789","AEP Energy","Fixed price","0","No","No","Fixed Rate • No Monthly Fee • No Cancellation Fee • New Customers Only","Residential","RS - Regular Residential Service","12 months","No","","",""
"0.0835","AEP Energy","Fixed price","$99","Yes","No","Enjoy a year of Prime, a $99 value, on us when you enroll your home on our energy supply. Already a Prime member? Extend your existing membership for one year with this offer. This offer is for new customers only and subject to availability.","Residential","RH - Residential Heating Service","12 months","No","","",""
"0.0789","AEP Energy","Fixed price","","No","No","Fixed Rate • No Monthly Fee • No Cancellation Fee • New Customers Only","Residential","RH - Residential Heating Service","12 months","No","","",""
"0.0791","Ambit Energy","Fixed price","","No","No","Call (877)28 AMBIT - (877) 282-6248 or visit www.ambitenergy.com","Residential","RS - Regular Residential Service","3 months","No","","",""
"0.0791","Ambit Energy","Fixed price","","No","No","Call (877)28 AMBIT - (877) 282-6248 or visit www.ambitenergy.com","Residential","RS - Regular Residential Service","3 months","No","","",""
"0.0770","Ambit Energy","Variable price","","No","No","PA Guaranteed Savings Plan: Guaranteed savings vs. incumbent price for the first year. Additional savings plan is available after the end of first year. 

Call (877) 28 AMBIT - (877) 282-6248 or visit www.ambitenergy.com
 ","Residential","RS - Regular Residential Service","No term length","No","","",""
"0.1048","Ambit Energy","Variable price","","No","No","Ambit Green Keystone Variable: 

This plan is eligible for free energy and travel rewards.

Call (877) 28 AMBIT - (877) 282-6248 or visit www.ambitenergy.com
","Residential","RS - Regular Residential Service","No term length","No","100.00","",""
"0.0770","Ambit Energy","Variable price","","No","No","PA Guaranteed Savings Plan: Guaranteed savings vs. incumbent price for the first year. Additional savings plan is available after the end of first year. 

Call (877) 28 AMBIT - (877) 282-6248 or visit www.ambitenergy.com
 ","Residential","RS - Regular Residential Service","No term length","No","","",""
"0.1048","Ambit Energy","Variable price","","No","No","Ambit Green Keystone Variable: 

This plan is eligible for free energy and travel rewards.

Call (877) 28 AMBIT - (877) 282-6248 or visit www.ambitenergy.com
","Residential","RS - Regular Residential Service","No term length","No","100.00","",""
"0.0939","American Power & Gas of Pennsylvania LLC","Variable price","","Yes","Yes","Our famous 25% rebate check is available to all of our customers. 
Plus: 

Travel Savings
Deal Dollars
Movie downloads
Reforestation projects
1yr magazine subscription

Pick yours!
We have sent out over $900,000 in rebates. Are you getting one?
","Residential","RS - Regular Residential Service","No term length","No","100.00","",""
"0.0639","American Power & Gas of Pennsylvania LLC","Variable price","","Yes","Yes","Our famous 25% rebate check is available to all of our customers. 
Plus: 

Travel Savings
Deal Dollars
Movie downloads
Reforestation projects
1yr magazine subscription

Pick yours!
We have sent out over $900,000 in rebates. Are you getting one?
","Residential","RA - Residential Add-on Heat Pump Service","No term length","No","","",""
"0.0939","American Power & Gas of Pennsylvania LLC","Variable price","","Yes","Yes","Our famous 25% rebate check is available to all of our customers. 
Plus: 

Travel Savings
Deal Dollars
Movie downloads
Reforestation projects
1yr magazine subscription

Pick yours!
We have sent out over $900,000 in rebates. Are you getting one?

","Residential","RH - Residential Heating Service","No term length","Yes","100.00","",""
"0.0939","American Power & Gas of Pennsylvania LLC","Variable price","","Yes","Yes","Our famous 25% rebate check is available to all of our customers. 
Plus: 

Travel Savings
Deal Dollars
Movie downloads
Reforestation projects
1yr magazine subscription

Pick yours!
We have sent out over $900,000 in rebates. Are you getting one?

","Residential","RA - Residential Add-on Heat Pump Service","No term length","No","100.00","",""
"0.0639","American Power & Gas of Pennsylvania LLC","Variable price","","Yes","Yes","Our famous 25% rebate check is available to all of our customers. 
Plus: 

Travel Savings
Deal Dollars
Movie downloads
Reforestation projects
1yr magazine subscription

Pick yours!
We have sent out over $900,000 in rebates. Are you getting one?
","Residential","RA - Residential Add-on Heat Pump Service","No term length","No","","",""
"0.0639","American Power & Gas of Pennsylvania LLC","Variable price","","Yes","Yes","Our famous 25% rebate check is available to all of our customers. 
Plus: 

Travel Savings
Deal Dollars
Movie downloads
Reforestation projects
1yr magazine subscription

Pick yours!
We have sent out over $900,000 in rebates. Are you getting one?

","Residential","RH - Residential Heating Service","No term length","No","","",""
"0.0639","American Power & Gas of Pennsylvania LLC","Variable price","","Yes","Yes","Our famous 25% rebate check is available to all of our customers. 
Plus: 

Travel Savings
Deal Dollars
Movie downloads
Reforestation projects
1yr magazine subscription

Pick yours!
We have sent out over $900,000 in rebates. Are you getting one?

","Residential","RS - Regular Residential Service","No term length","No","","",""
"0.0639","American Power & Gas of Pennsylvania LLC","Variable price","","Yes","Yes","Our famous 25% rebate check is available to all of our customers. 
Plus: 

Travel Savings
Deal Dollars
Movie downloads
Reforestation projects
1yr magazine subscription

Pick yours!
We have sent out over $900,000 in rebates. Are you getting one?

","Residential","RH - Residential Heating Service","No term length","No","","",""
"0.0639","American Power & Gas of Pennsylvania LLC","Variable price","","Yes","Yes","Our famous 25% rebate check is available to all of our customers. 
Plus: 

Travel Savings
Deal Dollars
Movie downloads
Reforestation projects
1yr magazine subscription

Pick yours!
We have sent out over $900,000 in rebates. Are you getting one?

","Residential","RS - Regular Residential Service","No term length","No","","",""
"0.0939","American Power & Gas of Pennsylvania LLC","Variable price","","Yes","Yes","Our famous 25% rebate check is available to all of our customers. 
Plus: 

Travel Savings
Deal Dollars
Movie downloads
Reforestation projects
1yr magazine subscription

Pick yours!
We have sent out over $900,000 in rebates. Are you getting one?
","Residential","RS - Regular Residential Service","No term length","No","100.00","",""
"0.0939","American Power & Gas of Pennsylvania LLC","Variable price","","Yes","Yes","Our famous 25% rebate check is available to all of our customers. 
Plus: 

Travel Savings
Deal Dollars
Movie downloads
Reforestation projects
1yr magazine subscription

Pick yours!
We have sent out over $900,000 in rebates. Are you getting one?

","Residential","RH - Residential Heating Service","No term length","Yes","100.00","",""
"0.0939","American Power & Gas of Pennsylvania LLC","Variable price","","Yes","Yes","Our famous 25% rebate check is available to all of our customers. 
Plus: 

Travel Savings
Deal Dollars
Movie downloads
Reforestation projects
1yr magazine subscription

Pick yours!
We have sent out over $900,000 in rebates. Are you getting one?

","Residential","RA - Residential Add-on Heat Pump Service","No term length","No","100.00","",""
"0.0730","AP Gas & Electric (PA), LLC","Fixed price","25","No","No","Lock in price security today with our competitive 12-month fixed-rate plan.  Enjoy the peace of mind that comes with choosing APG&E as your electricity supplier.   Offer available to new customers only.  
Flexible.  Affordable. Energy.  That’s APG&E.
","Residential","RS - Regular Residential Service","12 months","No","","",""
"0.0730","AP Gas & Electric (PA), LLC","Fixed price","25","No","No","Lock in price security today with our competitive 12-month fixed-rate plan.  Enjoy the peace of mind that comes with choosing APG&E as your electricity supplier.   Offer available to new customers only.  
Flexible.  Affordable. Energy.  That’s APG&E.
","Residential","RS - Regular Residential Service","12 months","No","","",""
"0.0829","Clearview Energy","Fixed price","150","No","Yes","ClearGreenGuarantee12 is a 100% renewable fixed plan for 12 months. For more information on this plan, or any other plans, please contact us at (888)987-6050. Or visit our website at https://clearviewenergy.com/state/Pennsylvania.","Residential","RS - Regular Residential Service","12 months","No","100.00","",""
"0.0829","Clearview Energy","Fixed price","150","No","Yes","ClearGreenGuarantee12 is a 100% renewable fixed plan for 12 months. For more information on this plan, or any other plans, please contact us at (888)987-6050. Or visit our website at https://clearviewenergy.com/state/Pennsylvania.","Residential","RS - Regular Residential Service","12 months","No","100.00","",""
"0.1280","Community Energy","Variable price","","No","No","Community Energy is based here in Pennsylvania. We've been providing clean energy choices to Pennsylvanians for over 12 years. Call 1.866.946.3123 or visit us at www.communityenergyinc.com/pawindandsolar to learn more!","Residential","RS - Regular Residential Service","No term length","Yes","100.00","",""
"0.1280","Community Energy","Variable price","","No","No","Community Energy is based here in Pennsylvania. We've been providing clean energy choices to Pennsylvanians for over 12 years. Call 1.866.946.3123 or visit us at www.communityenergyinc.com/pawindandsolar to learn more!","Residential","RH - Residential Heating Service","No term length","Yes","100.00","",""
"0.1280","Community Energy","Variable price","","No","No","Community Energy is based here in Pennsylvania. We've been providing clean energy choices to Pennsylvanians for over 12 years. Call 1.866.946.3123 or visit us at www.communityenergyinc.com/pawindandsolar to learn more!","Residential","RA - Residential Add-on Heat Pump Service","No term length","Yes","100.00","",""
"0.1280","Community Energy","Variable price","","No","No","Community Energy is based here in Pennsylvania. We've been providing clean energy choices to Pennsylvanians for over 12 years. Call 1.866.946.3123 or visit us at www.communityenergyinc.com/pawindandsolar to learn more!","Residential","RS - Regular Residential Service","No term length","Yes","100.00","",""
"0.1280","Community Energy","Variable price","","No","No","Community Energy is based here in Pennsylvania. We've been providing clean energy choices to Pennsylvanians for over 12 years. Call 1.866.946.3123 or visit us at www.communityenergyinc.com/pawindandsolar to learn more!","Residential","RH - Residential Heating Service","No term length","Yes","100.00","",""
"0.1280","Community Energy","Variable price","","No","No","Community Energy is based here in Pennsylvania. We've been providing clean energy choices to Pennsylvanians for over 12 years. Call 1.866.946.3123 or visit us at www.communityenergyinc.com/pawindandsolar to learn more!","Residential","RA - Residential Add-on Heat Pump Service","No term length","Yes","100.00","",""
"0.0819","Constellation Energy","Fixed price","150","No","No","What you get:
A 90-day customer satisfaction guarantee that gives you the ability to cancel your contract during the 90-day period without an early termination fee.
","Residential","RS - Regular Residential Service","36 months","No","","",""
"0.0796","Constellation Energy","Fixed price","150","No","No","What you get:
A 90-day customer satisfaction guarantee that gives you the ability to cancel your contract during the 90-day period without an early termination fee.
","Residential","RS - Regular Residential Service","6 months","No","","",""
"0.0889","Constellation Energy","Fixed price","150","No","No","What you get:
A 90-day customer satisfaction guarantee that gives you the ability to cancel your contract during the 90-day period without an early termination fee.
","Residential","RS - Regular Residential Service","24 months","No","100.00","",""
"0.0819","Constellation Energy","Fixed price","150","No","No","What you get:
A 90-day customer satisfaction guarantee that gives you the ability to cancel your contract during the 90-day period without an early termination fee.
","Residential","RS - Regular Residential Service","36 months","No","","",""
"0.0796","Constellation Energy","Fixed price","150","No","No","What you get:
A 90-day customer satisfaction guarantee that gives you the ability to cancel your contract during the 90-day period without an early termination fee.
","Residential","RS - Regular Residential Service","6 months","No","","",""
"0.0889","Constellation Energy","Fixed price","150","No","No","What you get:
A 90-day customer satisfaction guarantee that gives you the ability to cancel your contract during the 90-day period without an early termination fee.
","Residential","RS - Regular Residential Service","24 months","No","100.00","",""
"0.0919","Direct Energy","Fixed price","99","No","No","Enjoy a fixed electricity rate for 1 year and stop worrying about prices that fluctuate with the seasons.  To sign up call us at 1-877-697-7617","Residential","RS - Regular Residential Service","12 months","No","","",""
"0.0919","Direct Energy","Fixed price","99","No","No","Enjoy a fixed electricity rate for 1 year and stop worrying about prices that fluctuate with the seasons.  To sign up call us at 1-877-697-7617","Residential","RS - Regular Residential Service","12 months","No","","",""
"0.0929","Direct Energy","Fixed price","99","No","No","18 months of fixed-rate electricity! To sign up call us at 1-877-697-7617","Residential","RS - Regular Residential Service","18 months","No","","",""
"0.0929","Direct Energy","Fixed price","99","No","No","18 months of fixed-rate electricity! To sign up call us at 1-877-697-7617","Residential","RS - Regular Residential Service","18 months","No","","",""
"0.0779","Discount Power Inc.","Fixed price","Early termination fee of $10 per month remaining on contract. Maximum fee of $200","No","No","*	New customers only
**  Early termination fee of $10 per month remaining on contract. Maximum fee of $200
*** Receive $1200 annually in Discount Power Rewards.  Save on shopping, dining, travel, movies, and so much more
","Residential","RS - Regular Residential Service","24 months","No","","",""
"0.0729","Discount Power Inc.","Fixed price","Early termination fee of $10 per month remaining on contract. Maximum fee of $100","No","No","*	New customers only
** Receive $1200 annually in Discount Power Rewards.  Save on shopping, dining, travel, movies, and so much more

","Residential","RS - Regular Residential Service","3 months","No","","",""
"0.0729","Discount Power Inc.","Fixed price","Early termination fee of $10 per month remaining on contract. Maximum fee of $100","No","No","*	New customers only
** Receive $1200 annually in Discount Power Rewards.  Save on shopping, dining, travel, movies, and so much more

","Residential","RS - Regular Residential Service","3 months","No","","",""
"0.0769","Discount Power Inc.","Fixed price","Early termination fee of $10 per month remaining on contract. Maximum fee of $200","No","No","*    Early termination fee of $10 per month remaining on contract. Maximum fee of $200
**  New customers only
*** Receive $1200 annually in Discount Power Rewards.  Save on shopping, dining, travel, movies, and so much more!","Residential","RS - Regular Residential Service","36 months","No","","",""
"0.0769","Discount Power Inc.","Fixed price","Early termination fee of $10 per month remaining on contract. Maximum fee of $200","No","No","*    Early termination fee of $10 per month remaining on contract. Maximum fee of $200
**  New customers only
*** Receive $1200 annually in Discount Power Rewards.  Save on shopping, dining, travel, movies, and so much more!","Residential","RS - Regular Residential Service","36 months","No","","",""
"0.0779","Discount Power Inc.","Fixed price","Early termination fee of $10 per month remaining on contract. Maximum fee of $200","No","No","*	New customers only
**  Early termination fee of $10 per month remaining on contract. Maximum fee of $200
*** Receive $1200 annually in Discount Power Rewards.  Save on shopping, dining, travel, movies, and so much more
","Residential","RS - Regular Residential Service","24 months","No","","",""
"0.1165","Energy Rewards","Variable price","","No","No","Flexible Variable Rate Plan!","Residential","RS - Regular Residential Service","1 month","No","","",""
"0.0974","Energy Rewards","Fixed price","","No","Yes","Fixed Rate with Price Certainty for 6 months. 
","Residential","RS - Regular Residential Service","6 months","No","","",""
"0.1165","Energy Rewards","Variable price","","No","No","Flexible Variable Rate Plan!","Residential","RS - Regular Residential Service","1 month","No","","",""
"0.0974","Energy Rewards","Fixed price","","No","Yes","Fixed Rate with Price Certainty for 6 months. 
","Residential","RS - Regular Residential Service","6 months","No","","",""
"0.0800","FirstEnergy Solutions","Fixed price","0","No","No","Length of Agreement: Your retail electric supply will continue until your October 2020 meter-read.  More offers available at fes.com.","Residential","RS - Regular Residential Service","36 months","No","","",""
"0.0835","FirstEnergy Solutions","Fixed price","0","No","No","Length of Agreement: Your retail electric supply will continue until your October 2019 meter-read.  More offers available at fes.com.
","Residential","RS - Regular Residential Service","24 months","No","100.00","",""
"0.0832","FirstEnergy Solutions","Fixed price","0","No","No","Length of Agreement: Your retail electric supply will continue until your October 2019 meter-read.  More offers available at fes.com.","Residential","RS - Regular Residential Service","24 months","No","","",""
"0.0800","FirstEnergy Solutions","Fixed price","0","No","No","Length of Agreement: Your retail electric supply will continue until your October 2020 meter-read.  More offers available at fes.com.
","Residential","RA - Residential Add-on Heat Pump Service","36 months","No","","",""
"0.0835","FirstEnergy Solutions","Fixed price","0","No","No","Length of Agreement: Your retail electric supply will continue until your October 2019 meter-read.  More offers available at fes.com.

","Residential","RA - Residential Add-on Heat Pump Service","24 months","No","100.00","",""
"0.0835","FirstEnergy Solutions","Fixed price","0","No","No","Length of Agreement: Your retail electric supply will continue until your October 2019 meter-read.  More offers available at fes.com.
","Residential","RH - Residential Heating Service","24 months","No","100.00","",""
"0.0800","FirstEnergy Solutions","Fixed price","0","No","No","Length of Agreement: Your retail electric supply will continue until your October 2020 meter-read.  More offers available at fes.com.
","Residential","RA - Residential Add-on Heat Pump Service","36 months","No","","",""
"0.0800","FirstEnergy Solutions","Fixed price","0","No","No","Length of Agreement: Your retail electric supply will continue until your October 2020 meter-read.  More offers available at fes.com.
","Residential","RH - Residential Heating Service","36 months","No","","",""
"0.0835","FirstEnergy Solutions","Fixed price","0","No","No","Length of Agreement: Your retail electric supply will continue until your October 2019 meter-read.  More offers available at fes.com.

","Residential","RA - Residential Add-on Heat Pump Service","24 months","No","100.00","",""
"0.0832","FirstEnergy Solutions","Fixed price","0","No","No","Length of Agreement: Your retail electric supply will continue until your October 2019 meter-read.  More offers available at fes.com.

","Residential","RA - Residential Add-on Heat Pump Service","24 months","No","","",""
"0.0835","FirstEnergy Solutions","Fixed price","0","No","No","Length of Agreement: Your retail electric supply will continue until your October 2019 meter-read.  More offers available at fes.com.
","Residential","RH - Residential Heating Service","24 months","No","100.00","",""
"0.0832","FirstEnergy Solutions","Fixed price","0","No","No","Length of Agreement: Your retail electric supply will continue until your October 2019 meter-read.  More offers available at fes.com.
","Residential","RH - Residential Heating Service","24 months","No","","",""
"0.0800","FirstEnergy Solutions","Fixed price","0","No","No","Length of Agreement: Your retail electric supply will continue until your October 2020 meter-read.  More offers available at fes.com.
","Residential","RH - Residential Heating Service","36 months","No","","",""
"0.0800","FirstEnergy Solutions","Fixed price","0","No","No","Length of Agreement: Your retail electric supply will continue until your October 2020 meter-read.  More offers available at fes.com.","Residential","RS - Regular Residential Service","36 months","No","","",""
"0.0832","FirstEnergy Solutions","Fixed price","0","No","No","Length of Agreement: Your retail electric supply will continue until your October 2019 meter-read.  More offers available at fes.com.

","Residential","RA - Residential Add-on Heat Pump Service","24 months","No","","",""
"0.0835","FirstEnergy Solutions","Fixed price","0","No","No","Length of Agreement: Your retail electric supply will continue until your October 2019 meter-read.  More offers available at fes.com.
","Residential","RS - Regular Residential Service","24 months","No","100.00","",""
"0.0832","FirstEnergy Solutions","Fixed price","0","No","No","Length of Agreement: Your retail electric supply will continue until your October 2019 meter-read.  More offers available at fes.com.
","Residential","RH - Residential Heating Service","24 months","No","","",""
"0.0832","FirstEnergy Solutions","Fixed price","0","No","No","Length of Agreement: Your retail electric supply will continue until your October 2019 meter-read.  More offers available at fes.com.","Residential","RS - Regular Residential Service","24 months","No","","",""
"0.0830","Frontier Utilities Northeast LLC","Fixed price","10","No","No","Sign up on Frontier Utilities Online Premier 12 month plan and get a guaranteed low rate for 12 months. No deposit required! $10/month remaining cancellation fee applies.","Residential","RS - Regular Residential Service","12 months","No","","",""
"0.0685","Frontier Utilities Northeast LLC","Fixed price","10","No","No","Sign up on Frontier Utilities Online Saver 3 month plan and get a guaranteed low rate for 3 months. No deposit required. No enrollment fees. No service fees. No cancellation fee. New Customers only.","Residential","RS - Regular Residential Service","3 months","No","","",""
"0.0770","Frontier Utilities Northeast LLC","Fixed price","10","No","No","Sign up on Frontier Utilities Online Premier 6 month plan and get a guaranteed low rate for 6 months! No deposit required! $10/month remaining cancellation fee applies.","Residential","RS - Regular Residential Service","6 months","No","","",""
"0.0830","Frontier Utilities Northeast LLC","Fixed price","10","No","No","Sign up on Frontier Utilities Online Premier 12 month plan and get a guaranteed low rate for 12 months. No deposit required! $10/month remaining cancellation fee applies.","Residential","RS - Regular Residential Service","12 months","No","","",""
"0.0770","Frontier Utilities Northeast LLC","Fixed price","10","No","No","Sign up on Frontier Utilities Online Premier 6 month plan and get a guaranteed low rate for 6 months! No deposit required! $10/month remaining cancellation fee applies.","Residential","RS - Regular Residential Service","6 months","No","","",""
"0.0685","Frontier Utilities Northeast LLC","Fixed price","10","No","No","Sign up on Frontier Utilities Online Saver 3 month plan and get a guaranteed low rate for 3 months. No deposit required. No enrollment fees. No service fees. No cancellation fee. New Customers only.","Residential","RS - Regular Residential Service","3 months","No","","",""
"0.0840","Green Mountain Energy Company","Variable price","","No","Yes","All of our residential customers get electricity supplied from non-polluting wind sources. Visit the site for plan details and to sign up.","Residential","RS - Regular Residential Service","No term length","No","100.00","",""
"0.0840","Green Mountain Energy Company","Variable price","","No","Yes","All of our residential customers get electricity supplied from non-polluting wind sources. Visit the site for plan details and to sign up.","Residential","RS - Regular Residential Service","No term length","No","100.00","",""
"0.0995","IDT Energy, Inc.","Fixed price","","No","No","Our 12-month fixed supply rate. NO termination fees, rate spikes, or enrollment fee. Gain the security of a fixed rate with the flexibility of a variable program. Earn REWARD points for every kWh used and redeem them for gift cards and more.","Residential","RS - Regular Residential Service","12 months","No","","",""
"0.0995","IDT Energy, Inc.","Fixed price","","No","No","Our 12-month fixed supply rate. NO termination fees, rate spikes, or enrollment fee. Gain the security of a fixed rate with the flexibility of a variable program. Earn REWARD points for every kWh used and redeem them for gift cards and more.","Residential","RH - Residential Heating Service","12 months","No","","",""
"0.0995","IDT Energy, Inc.","Fixed price","","No","No","Our 12-month fixed supply rate. NO termination fees, rate spikes, or enrollment fee. Gain the security of a fixed rate with the flexibility of a variable program. Earn REWARD points for every kWh used and redeem them for gift cards and more.","Residential","RA - Residential Add-on Heat Pump Service","12 months","No","","",""
"0.1274","IDT Energy, Inc.","Fixed price","","No","No","Our 12-month fixed supply rate. NO termination fees, rate spikes, or enrollment fee. Gain the security of a fixed rate with the flexibility of a variable program. Earn REWARD points for every kWh used and redeem them for gift cards and more.","Residential","RA - Residential Add-on Heat Pump Service","12 months","No","100.00","",""
"0.1274","IDT Energy, Inc.","Fixed price","","No","No","Our 12-month fixed supply rate. NO termination fees, rate spikes, or enrollment fee. Gain the security of a fixed rate with the flexibility of a variable program. Earn REWARD points for every kWh used and redeem them for gift cards and more.","Residential","RH - Residential Heating Service","12 months","No","100.00","",""
"0.1274","IDT Energy, Inc.","Fixed price","","No","No","Our 12-month fixed supply rate. NO termination fees, rate spikes, or enrollment fee. Gain the security of a fixed rate with the flexibility of a variable program. Earn REWARD points for every kWh used and redeem them for gift cards and more.","Residential","RS - Regular Residential Service","12 months","No","100.00","",""
"0.1274","IDT Energy, Inc.","Fixed price","","No","No","Our 12-month fixed supply rate. NO termination fees, rate spikes, or enrollment fee. Gain the security of a fixed rate with the flexibility of a variable program. Earn REWARD points for every kWh used and redeem them for gift cards and more.","Residential","RA - Residential Add-on Heat Pump Service","12 months","No","100.00","",""
"0.1274","IDT Energy, Inc.","Fixed price","","No","No","Our 12-month fixed supply rate. NO termination fees, rate spikes, or enrollment fee. Gain the security of a fixed rate with the flexibility of a variable program. Earn REWARD points for every kWh used and redeem them for gift cards and more.","Residential","RH - Residential Heating Service","12 months","No","100.00","",""
"0.1274","IDT Energy, Inc.","Fixed price","","No","No","Our 12-month fixed supply rate. NO termination fees, rate spikes, or enrollment fee. Gain the security of a fixed rate with the flexibility of a variable program. Earn REWARD points for every kWh used and redeem them for gift cards and more.","Residential","RS - Regular Residential Service","12 months","No","100.00","",""
"0.0995","IDT Energy, Inc.","Fixed price","","No","No","Our 12-month fixed supply rate. NO termination fees, rate spikes, or enrollment fee. Gain the security of a fixed rate with the flexibility of a variable program. Earn REWARD points for every kWh used and redeem them for gift cards and more.","Residential","RS - Regular Residential Service","12 months","No","","",""
"0.0995","IDT Energy, Inc.","Fixed price","","No","No","Our 12-month fixed supply rate. NO termination fees, rate spikes, or enrollment fee. Gain the security of a fixed rate with the flexibility of a variable program. Earn REWARD points for every kWh used and redeem them for gift cards and more.","Residential","RH - Residential Heating Service","12 months","No","","",""
"0.0995","IDT Energy, Inc.","Fixed price","","No","No","Our 12-month fixed supply rate. NO termination fees, rate spikes, or enrollment fee. Gain the security of a fixed rate with the flexibility of a variable program. Earn REWARD points for every kWh used and redeem them for gift cards and more.","Residential","RA - Residential Add-on Heat Pump Service","12 months","No","","",""
"0.0979","IGS Energy","Fixed price","99","No","No","","Residential","RS - Regular Residential Service","36 months","No","100.00","",""
"0.0979","IGS Energy","Fixed price","99","No","No","","Residential","RS - Regular Residential Service","36 months","No","100.00","",""
"0.0939","IGS Energy","Fixed price","99","No","No","How you benefit:

With a fixed rate we provide you with the peace-of-mind and savings that comes with locking in at our low rates.  

","Residential","RS - Regular Residential Service","12 months","No","","",""
"0.0939","IGS Energy","Fixed price","99","No","No","How you benefit:

With a fixed rate we provide you with the peace-of-mind and savings that comes with locking in at our low rates.  

","Residential","RS - Regular Residential Service","12 months","No","","",""
"0.1119","Just Energy","Fixed price","50","No","No","Please visit www.justenergy.com to enroll.
If you call us to cancel, Just Energy will not charge any Early Termination Fees.
","Residential","RS - Regular Residential Service","36 months","No","","",""
"0.1119","Just Energy","Fixed price","50","No","No","Please visit www.justenergy.com to enroll.
If you call us to cancel, Just Energy will not charge any Early Termination Fees.
","Residential","RS - Regular Residential Service","36 months","No","","",""
"0.1099","Just Energy","Fixed price","50","No","No","Please visit www.justenergy.com to enroll.
If you call us to cancel, Just Energy will not charge any Early Termination Fees.
","Residential","RS - Regular Residential Service","12 months","No","","",""
"0.1099","Just Energy","Fixed price","50","No","No","Please visit www.justenergy.com to enroll.
If you call us to cancel, Just Energy will not charge any Early Termination Fees.
","Residential","RS - Regular Residential Service","12 months","No","","",""
"0.0829","LifeEnergy","Fixed price","$10/month remaining","No","No","No Enrollment Fee! No monthly Fees! No Fees to switch! Protect yourself from price spikes and take control of your electricity bill with this special PA Power Switch promotional offer!  Offer available to new customers only. Switch today!","Residential","RS - Regular Residential Service","12 months","No","","",""
"0.0829","LifeEnergy","Fixed price","$10/month remaining","No","No","No Enrollment Fee! No monthly Fees! No Fees to switch! Protect yourself from price spikes and take control of your electricity bill with this special PA Power Switch promotional offer!  Offer available to new customers only. Switch today!","Residential","RS - Regular Residential Service","12 months","No","","",""
"0.0849","LifeEnergy","Fixed price","$10/month remaining","No","No","No Enrollment Fee! No monthly Fees! No Fees to switch! Protect yourself from price spikes and take control of your electricity bill with this special PA Power Switch promotional offer!  Offer available to new customers only. Switch today!","Residential","RS - Regular Residential Service","24 months","No","100.00","",""
"0.0799","LifeEnergy","Fixed price","$10/month remaining","No","No","No Enrollment Fee! No monthly Fees! No Fees to switch! Protect yourself from price spikes and take control of your electricity bill with this special PA Power Switch promotional offer!  Offer available to new customers only. Switch today!","Residential","RS - Regular Residential Service","6 months","No","","",""
"0.0849","LifeEnergy","Fixed price","$10/month remaining","No","No","No Enrollment Fee! No monthly Fees! No Fees to switch! Protect yourself from price spikes and take control of your electricity bill with this special PA Power Switch promotional offer!  Offer available to new customers only. Switch today!","Residential","RS - Regular Residential Service","24 months","No","100.00","",""
"0.0799","LifeEnergy","Fixed price","$10/month remaining","No","No","No Enrollment Fee! No monthly Fees! No Fees to switch! Protect yourself from price spikes and take control of your electricity bill with this special PA Power Switch promotional offer!  Offer available to new customers only. Switch today!","Residential","RS - Regular Residential Service","6 months","No","","",""
"0.0639","National Gas & Electric","Fixed price","","No","Yes","Only available to NEW CUSTOMERS ONLY!!

SPECIAL PA POWER SWITCH PRICING Click ""View All Offers"" link or visit NGandE.com & use promo code: PAChoice

National Gas & Electric's fixed rate offer:  
 *No monthly fees!","Residential","RS - Regular Residential Service","3 months","No","","",""
"0.0639","National Gas & Electric","Fixed price","","No","Yes","","Residential","RH - Residential Heating Service","3 months","No","","",""
"0.0639","National Gas & Electric","Fixed price","","No","Yes","Only available to NEW CUSTOMERS ONLY!!

SPECIAL PA POWER SWITCH PRICING Click ""View All Offers"" link or visit NGandE.com & use promo code: PAChoice

National Gas & Electric's fixed rate offer:  
 *No monthly fees!","Residential","RS - Regular Residential Service","3 months","No","","",""
"0.0639","National Gas & Electric","Fixed price","","No","Yes","","Residential","RH - Residential Heating Service","3 months","No","","",""
"0.0789","North American Power","Fixed price","$10.00 for each month remaining in your contract.","No","No","This offer is for new North American Power customers only.","Residential","RS - Regular Residential Service","12 months","No","","",""
"0.0789","North American Power","Fixed price","$10.00 for each month remaining in your contract.","No","No","This offer is for new North American Power customers only.","Residential","RS - Regular Residential Service","12 months","No","","",""
"0.0790","NRG Home","Fixed price","$10/month remaining on term","No","No","The PA Power Switch Plan 6 is only available to new customers through this site.  Includes  6-month fixed  supply price and 1% Cash Back after every 12 months of service. Early cancel fee applies.  Click ""Sign Up For This Offer"" for full details.","Residential","RS - Regular Residential Service","6 months","No","25.00","",""
"0.0740","NRG Home","Fixed price","$10/month remaining on term","No","No","The PA Power Switch Plan 12 is only available to new customers through this site.  Includes 12-month fixed supply price and 1% Cash Back after every 12 months of service.  Early cancel fee applies. Click ""Sign Up For This Offer"" for full details.","Residential","RS - Regular Residential Service","12 months","No","25.00","",""
"0.0790","NRG Home","Fixed price","$10/month remaining on term","No","No","The PA Power Switch Plan 6 is only available to new customers through this site.  Includes  6-month fixed  supply price and 1% Cash Back after every 12 months of service. Early cancel fee applies.  Click ""Sign Up For This Offer"" for full details.","Residential","RS - Regular Residential Service","6 months","No","25.00","",""
"0.0959","NRG Home","Fixed price","$10/month remaining on term","Yes","No","This plan benefits the Children's Hospital of Philadelphia (CHOP). It includes a 12-month fixed price, $50 contribution to CHOP after one month of service, and a 1% ongoing, annual contribution. 
Click ""Sign Up For This Offer"" for full details.
","Residential","RS - Regular Residential Service","12 months","No","","",""
"0.0740","NRG Home","Fixed price","$10/month remaining on term","No","No","The PA Power Switch Plan 12 is only available to new customers through this site.  Includes 12-month fixed supply price and 1% Cash Back after every 12 months of service.  Early cancel fee applies. Click ""Sign Up For This Offer"" for full details.","Residential","RS - Regular Residential Service","12 months","No","25.00","",""
"0.0959","NRG Home","Fixed price","$10/month remaining on term","Yes","No","This plan benefits the Children's Hospital of Philadelphia (CHOP). It includes a 12-month fixed price, $50 contribution to CHOP after one month of service, and a 1% ongoing, annual contribution. 
Click ""Sign Up For This Offer"" for full details.
","Residential","RS - Regular Residential Service","12 months","No","","",""
"0.0749","Oasis Energy","Fixed price","","No","No","Fixed Power 6: New Customer only offer!","Residential","RA - Residential Add-on Heat Pump Service","6 months","No","","",""
"0.0825","Oasis Energy","Fixed price","50","No","No","Stop worrying about fluctuating energy prices when you lock in your energy rate for the next 24 bills","Residential","RS - Regular Residential Service","24 months","No","","",""
"0.0825","Oasis Energy","Fixed price","50","No","No","Stop worrying about fluctuating energy prices when you lock in your energy rate for the next 24 bills","Residential","RH - Residential Heating Service","24 months","No","","",""
"0.0749","Oasis Energy","Fixed price","","No","No","Fixed Power 6: For New Customers only ","Residential","RS - Regular Residential Service","6 months","No","","",""
"0.0825","Oasis Energy","Fixed price","50","No","No","Stop worrying about fluctuating energy prices when you lock in your energy rate for the next 24 bills","Residential","RA - Residential Add-on Heat Pump Service","24 months","No","","",""
"0.0749","Oasis Energy","Fixed price","","No","No","Fixed Power 6: For new customers only ","Residential","RH - Residential Heating Service","6 months","No","","",""
"0.0749","Oasis Energy","Fixed price","","No","No","Fixed Power 6: New Customer only offer!","Residential","RA - Residential Add-on Heat Pump Service","6 months","No","","",""
"0.0819","Oasis Energy","Fixed price","12","No","No","Lock in this competitive energy rate for the next year!","Residential","RS - Regular Residential Service","12 months","No","","",""
"0.0819","Oasis Energy","Fixed price","12","No","No","Lock in this competitive energy rate for the next year","Residential","RA - Residential Add-on Heat Pump Service","12 months","No","","",""
"0.0819","Oasis Energy","Fixed price","12","No","No","Lock in this competitive energy rate for the next year","Residential","RH - Residential Heating Service","12 months","No","","",""
"0.0819","Oasis Energy","Fixed price","12","No","No","Lock in this competitive energy rate for the next year!","Residential","RS - Regular Residential Service","12 months","No","","",""
"0.0819","Oasis Energy","Fixed price","12","No","No","Lock in this competitive energy rate for the next year","Residential","RA - Residential Add-on Heat Pump Service","12 months","No","","",""
"0.0825","Oasis Energy","Fixed price","50","No","No","Stop worrying about fluctuating energy prices when you lock in your energy rate for the next 24 bills","Residential","RS - Regular Residential Service","24 months","No","","",""
"0.0819","Oasis Energy","Fixed price","12","No","No","Lock in this competitive energy rate for the next year","Residential","RH - Residential Heating Service","12 months","No","","",""
"0.0749","Oasis Energy","Fixed price","","No","No","Fixed Power 6: For New Customers only ","Residential","RS - Regular Residential Service","6 months","No","","",""
"0.0825","Oasis Energy","Fixed price","50","No","No","Stop worrying about fluctuating energy prices when you lock in your energy rate for the next 24 bills","Residential","RH - Residential Heating Service","24 months","No","","",""
"0.0749","Oasis Energy","Fixed price","","No","No","Fixed Power 6: For new customers only ","Residential","RH - Residential Heating Service","6 months","No","","",""
"0.0825","Oasis Energy","Fixed price","50","No","No","Stop worrying about fluctuating energy prices when you lock in your energy rate for the next 24 bills","Residential","RA - Residential Add-on Heat Pump Service","24 months","No","","",""
"0.0899","Park Power","Fixed price","","No","No","Park Power is a Pennsylvania based Company.","Residential","RH - Residential Heating Service","12 months","Yes","25.00","",""
"0.0899","Park Power","Fixed price","","No","No","Park Power is a Pennsylvania based Company.","Residential","RH - Residential Heating Service","12 months","Yes","25.00","",""
"0.0899","Park Power","Fixed price","","No","No","Park Power is a Pennsylvania based Company.","Residential","RA - Residential Add-on Heat Pump Service","12 months","Yes","25.00","",""
"0.0899","Park Power","Fixed price","","No","No","Park Power is a Pennsylvania Based Company.","Residential","RS - Regular Residential Service","12 months","Yes","25.00","",""
"0.0899","Park Power","Fixed price","","No","No","Park Power is a Pennsylvania based Company.","Residential","RA - Residential Add-on Heat Pump Service","12 months","Yes","25.00","",""
"0.0899","Park Power","Fixed price","","No","No","Park Power is a Pennsylvania Based Company.","Residential","RS - Regular Residential Service","12 months","Yes","25.00","",""
"0.0888","Pennsylvania Gas & Electric","Fixed price","150","No","No","","Residential","RS - Regular Residential Service","12 months","No","","",""
"0.0888","Pennsylvania Gas & Electric","Fixed price","150","No","No","","Residential","RS - Regular Residential Service","12 months","No","","",""
"0.0999","Planet Energy (Pennsylvania) Corp.","Fixed price","225","No","No","","Residential","RS - Regular Residential Service","36 months","No","","",""
"0.0999","Planet Energy (Pennsylvania) Corp.","Fixed price","225","No","No","","Residential","RS - Regular Residential Service","36 months","No","","",""
"0.0823","Plymouth Rock Energy","Fixed price","","No","No","","Residential","RS - Regular Residential Service","6 months","No","","",""
"0.0788","Plymouth Rock Energy","Fixed price","","No","No","","Residential","RS - Regular Residential Service","24 months","No","","",""
"0.0801","Plymouth Rock Energy","Fixed price","","No","No","","Residential","RH - Residential Heating Service","12 months","No","","",""
"0.0823","Plymouth Rock Energy","Fixed price","","No","No","","Residential","RS - Regular Residential Service","6 months","No","","",""
"0.0788","Plymouth Rock Energy","Fixed price","","No","No","","Residential","RS - Regular Residential Service","24 months","No","","",""
"0.0801","Plymouth Rock Energy","Fixed price","","No","No","","Residential","RH - Residential Heating Service","12 months","No","","",""
"0.0860","Public Power, LLC","Fixed price","50","No","No","Fixed Rate for 12 Months. Price certainty that will not rise over term!","Residential","RS - Regular Residential Service","12 months","No","","",""
"0.1115","Public Power, LLC","Variable price","","No","No","","Residential","RS - Regular Residential Service","1 month","No","","",""
"0.0860","Public Power, LLC","Fixed price","50","No","No","Fixed Rate for 12 Months. Price certainty that will not rise over term!","Residential","RS - Regular Residential Service","12 months","No","","",""
"0.1115","Public Power, LLC","Variable price","","No","No","","Residential","RS - Regular Residential Service","1 month","No","","",""
"0.1274","Residents Energy LLC","Fixed price","","No","No","Concerned about the environment? Looking for price certainty? ResiSure Renewable locks your per kWh supply rate for 12-months. No ETFs. Supply is 100% matched with renewable energy certificates and generated from sources like running water and wind","Residential","RA - Residential Add-on Heat Pump Service","12 months","No","100.00","",""
"0.1141","Residents Energy LLC","Variable price","","No","No","","Residential","RS - Regular Residential Service","No term length","No","","",""
"0.1274","Residents Energy LLC","Fixed price","","No","No","Concerned about the environment? Looking for price certainty? ResiSure Renewable locks your per kWh supply rate for 12-months. No ETFs. Supply is 100% matched with renewable energy certificates and generated from sources like running water and wind.","Residential","RH - Residential Heating Service","12 months","No","100.00","",""
"0.1274","Residents Energy LLC","Fixed price","","No","No","Concerned about the environment? Looking for price certainty? ResiSure Renewable locks your per kWh supply rate for 12-months. No ETFs. Supply is 100% matched with renewable energy certificates and generated from sources like running water and wind","Residential","RA - Residential Add-on Heat Pump Service","12 months","No","100.00","",""
"0.1141","Residents Energy LLC","Variable price","","No","No","","Residential","RS - Regular Residential Service","No term length","No","","",""
"0.1274","Residents Energy LLC","Fixed price","","No","No","Concerned about the environment? Looking for price certainty? ResiSure Renewable locks your per kWh supply rate for 12-months. No ETFs. Supply is 100% matched with renewable energy certificates and generated from sources like running water and wind.","Residential","RH - Residential Heating Service","12 months","No","100.00","",""
"0.0865","Residents Energy LLC","Fixed price","","No","No","Residents Energy ResiSURE: Lock in a per kWh rate for 12-months. No termination or other fees or deposits. Protect yourself from future electric supply market volatility. All the price certainty of a fixed rate program with the flexibility you need.","Residential","RH - Residential Heating Service","12 months","No","","",""
"0.0865","Residents Energy LLC","Fixed price","","No","No","Residents Energy ResiSURE: Lock in a per kWh rate for 12-months. No termination or other fees or deposits. Protect yourself from future electric supply market volatility. All the price certainty of a fixed rate program with the flexibility you need","Residential","RA - Residential Add-on Heat Pump Service","12 months","No","","",""
"0.0865","Residents Energy LLC","Fixed price","","No","No","Residents Energy ResiSURE: Lock in a per kWh rate for 12-months. No termination or other fees or deposits. Protect yourself from future electric supply market volatility. All the price certainty of a fixed rate program with the flexibility you need.","Residential","RS - Regular Residential Service","12 months","No","","",""
"0.0865","Residents Energy LLC","Fixed price","","No","No","Residents Energy ResiSURE: Lock in a per kWh rate for 12-months. No termination or other fees or deposits. Protect yourself from future electric supply market volatility. All the price certainty of a fixed rate program with the flexibility you need.","Residential","RH - Residential Heating Service","12 months","No","","",""
"0.1274","Residents Energy LLC","Fixed price","","No","No","Concerned about the environment? Looking for price certainty? ResiSure Renewable locks your per kWh supply rate for 12-months. No ETFs. Supply is 100% matched with renewable energy certificates and generated from sources like running water and wind","Residential","RS - Regular Residential Service","12 months","No","100.00","",""
"0.0865","Residents Energy LLC","Fixed price","","No","No","Residents Energy ResiSURE: Lock in a per kWh rate for 12-months. No termination or other fees or deposits. Protect yourself from future electric supply market volatility. All the price certainty of a fixed rate program with the flexibility you need","Residential","RA - Residential Add-on Heat Pump Service","12 months","No","","",""
"0.0865","Residents Energy LLC","Fixed price","","No","No","Residents Energy ResiSURE: Lock in a per kWh rate for 12-months. No termination or other fees or deposits. Protect yourself from future electric supply market volatility. All the price certainty of a fixed rate program with the flexibility you need.","Residential","RS - Regular Residential Service","12 months","No","","",""
"0.1274","Residents Energy LLC","Fixed price","","No","No","Concerned about the environment? Looking for price certainty? ResiSure Renewable locks your per kWh supply rate for 12-months. No ETFs. Supply is 100% matched with renewable energy certificates and generated from sources like running water and wind","Residential","RS - Regular Residential Service","12 months","No","100.00","",""
"0.1030","Respond Power LLC","Fixed price","200","No","No","Lock-in your rate for 2 years to avoid the sky rocketing energy rates..","Residential","RS - Regular Residential Service","24 months","No","","",""
"0.1030","Respond Power LLC","Fixed price","200","No","No","Lock-in your rate for 2 years to avoid the sky rocketing energy rates..","Residential","RS - Regular Residential Service","24 months","No","","",""
"0.0859","SFE Energy","Fixed price","$2.50 + tax per month or partial month remaining on the Agreement Term.","Yes","Yes","You may receive up to $50 cash back if you don’t save money over the course of your Agreement's term. 
","Residential","RS - Regular Residential Service","24 months","No","","",""
"0.0859","SFE Energy","Fixed price","$2.50 + tax per month or partial month remaining on the Agreement Term.","Yes","Yes","You may receive up to $75 cash back if you don’t save money over the course of your Agreement's term. ","Residential","RS - Regular Residential Service","36 months","No","","",""
"0.0859","SFE Energy","Fixed price","$2.50 + tax per month or partial month remaining on the Agreement Term.","Yes","Yes","You may receive up to $50 cash back if you don’t save money over the course of your Agreement's term. 
","Residential","RS - Regular Residential Service","24 months","No","","",""
"0.0859","SFE Energy","Fixed price","$2.50 + tax per month or partial month remaining on the Agreement Term.","Yes","Yes","You may receive up to $75 cash back if you don’t save money over the course of your Agreement's term. ","Residential","RS - Regular Residential Service","36 months","No","","",""
"0.0779","Shipley Energy","Fixed price","99","No","No","Lock in this great rate for 12 months! For New Customers Only.","Residential","RS - Regular Residential Service","12 months","No","","",""
"0.0779","Shipley Energy","Fixed price","99","No","No","Lock in this great rate for 12 months! For New Customers Only.","Residential","RS - Regular Residential Service","12 months","No","","",""
"0.0779","Shipley Energy","Fixed price","99","No","No","For New Customers Only.","Residential","RS - Regular Residential Service","24 months","No","","",""
"0.0779","Shipley Energy","Fixed price","99","No","No","For New Customers Only.","Residential","RS - Regular Residential Service","24 months","No","","",""
"0.0699","SmartEnergy","Variable price","","No","Yes","$50 rebate after 3 months","Residential","RS - Regular Residential Service","1 month","No","100.00","",""
"0.0699","SmartEnergy","Variable price","","No","Yes","$50 rebate after 3 months","Residential","RS - Regular Residential Service","1 month","No","100.00","",""
"0.0740","Sperian Energy","Fixed price","49","No","No","This 12 month fixed rate is exclusive for Duquesne Light customers only.","Residential","RS - Regular Residential Service","6 months","No","","",""
"0.0740","Sperian Energy","Fixed price","49","No","No","This 12 month fixed rate is exclusive for Duquesne Light customers only.","Residential","RS - Regular Residential Service","6 months","No","","",""
"0.0729","Sperian Energy","Fixed price","75","No","No","This 12 month fixed rate is exclusive for Duquesne Light customers only.","Residential","RS - Regular Residential Service","12 months","No","","",""
"0.0729","Sperian Energy","Fixed price","75","No","No","This 12 month fixed rate is exclusive for Duquesne Light customers only.","Residential","RS - Regular Residential Service","12 months","No","","",""
"0.1009","Star Energy Partners LLC","Fixed price","125","No","No","","Residential","RS - Regular Residential Service","36 months","No","100.00","",""
"0.0829","Star Energy Partners LLC","Fixed price","50","No","No","","Residential","RS - Regular Residential Service","12 months","No","100.00","",""
"0.0999","Star Energy Partners LLC","Fixed price","95","No","No","","Residential","RS - Regular Residential Service","24 months","No","100.00","",""
"0.0829","Star Energy Partners LLC","Fixed price","50","No","No","","Residential","RS - Regular Residential Service","12 months","No","100.00","",""
"0.1009","Star Energy Partners LLC","Fixed price","125","No","No","","Residential","RS - Regular Residential Service","36 months","No","100.00","",""
"0.0999","Star Energy Partners LLC","Fixed price","95","No","No","","Residential","RS - Regular Residential Service","24 months","No","100.00","",""
"0.0868","Stream Energy","Fixed price","150","No","No","24 Month Fixed Rate Plan, $150.00 Early Cancellation Fee.

For other plans such as a fixed rate plan or eco-friendly plan, see your Ignite Associate or call for details.
","Residential","RS - Regular Residential Service","24 months","No","","",""
"0.0868","Stream Energy","Fixed price","150","No","No","24 Month Fixed Rate Plan, $150.00 Early Cancellation Fee.

For other plans such as a fixed rate plan or eco-friendly plan, see your Ignite Associate or call for details.
","Residential","RS - Regular Residential Service","24 months","No","","",""
"0.0778","Stream Energy","Fixed price","75.00","No","No","6 Month Fixed Rate Plan, $75.00 Early Cancellation Fee.

For other plans such as a fixed rate plan or eco-friendly plan, see your Ignite Associate or call for details. ","Residential","RS - Regular Residential Service","6 months","No","","",""
"0.0878","Stream Energy","Fixed price","150","No","No","12 Month Term, $150 Early Cancellation Fee. 

For other plans such as a month-to-month plan or fixed rate plan, see your Ignite Associate or call for details. ","Residential","RS - Regular Residential Service","12 months","No","","",""
"0.0778","Stream Energy","Fixed price","75.00","No","No","6 Month Fixed Rate Plan, $75.00 Early Cancellation Fee.

For other plans such as a fixed rate plan or eco-friendly plan, see your Ignite Associate or call for details. ","Residential","RS - Regular Residential Service","6 months","No","","",""
"0.0878","Stream Energy","Fixed price","150","No","No","12 Month Term, $150 Early Cancellation Fee. 

For other plans such as a month-to-month plan or fixed rate plan, see your Ignite Associate or call for details. ","Residential","RS - Regular Residential Service","12 months","No","","",""
"0.0890","Think Energy","Fixed price","","No","No","","Residential","RS - Regular Residential Service","12 months","No","","",""
"0.0910","Think Energy","Fixed price","","No","No","","Residential","RS - Regular Residential Service","6 months","No","","",""
"0.0900","Think Energy","Fixed price","","No","No","","Residential","RS - Regular Residential Service","18 months","No","","",""
"0.0890","Think Energy","Fixed price","","No","No","","Residential","RS - Regular Residential Service","12 months","No","","",""
"0.0910","Think Energy","Fixed price","","No","No","","Residential","RS - Regular Residential Service","6 months","No","","",""
"0.0900","Think Energy","Fixed price","","No","No","","Residential","RS - Regular Residential Service","18 months","No","","",""
"0.0769","Town Square Energy","Fixed price","","No","No","7.69¢/kWh Fixed For 12 Months | Zero Service Fees | Zero Enrollment Fees | Zero Cancel Fees | Open to All Customers","Residential","RS - Regular Residential Service","12 months","No","","",""
"0.0629","Town Square Energy","Fixed price","","No","No","Zero Service Fees | Zero Enrollment Fees | Zero Cancel Fees | Automatically Moves to 8.99¢/kWh Fixed For 9 Months | 12 Month Total Term | Open to All Customers","Residential","RS - Regular Residential Service","3 months","No","","",""
"0.0769","Town Square Energy","Fixed price","","No","No","7.69¢/kWh Fixed For 12 Months | Zero Service Fees | Zero Enrollment Fees | Zero Cancel Fees | Open to All Customers","Residential","RS - Regular Residential Service","12 months","No","","",""
"0.0629","Town Square Energy","Fixed price","","No","No","Zero Service Fees | Zero Enrollment Fees | Zero Cancel Fees | Automatically Moves to 8.99¢/kWh Fixed For 9 Months | 12 Month Total Term | Open to All Customers","Residential","RS - Regular Residential Service","3 months","No","","",""
"0.0761","TriEagle Energy L.P.","Fixed price","125","No","No","Don't be fooled by teaser and variable rates - Lock in a great rate!

Prices include energy, transmission, and GRT.  ","Residential","RS - Regular Residential Service","36 months","No","","",""
"0.0761","TriEagle Energy L.P.","Fixed price","125","No","No","Don't be fooled by teaser and variable rates - Lock in a great rate!

Prices include energy, transmission, and GRT.  ","Residential","RS - Regular Residential Service","36 months","No","","",""
"0.0781","TriEagle Energy L.P.","Fixed price","125","No","No","Don't be fooled by teaser and variable rates - Lock in a great rate!

Prices include energy, transmission, and GRT.","Residential","RS - Regular Residential Service","12 months","No","","",""
"0.0771","TriEagle Energy L.P.","Fixed price","125","No","No","Don't be fooled by teaser and variable rates - Lock in a great rate!

Prices include energy, transmission, and GRT.","Residential","RS - Regular Residential Service","24 months","No","","",""
"0.0781","TriEagle Energy L.P.","Fixed price","125","No","No","Don't be fooled by teaser and variable rates - Lock in a great rate!

Prices include energy, transmission, and GRT.","Residential","RS - Regular Residential Service","12 months","No","","",""
"0.0771","TriEagle Energy L.P.","Fixed price","125","No","No","Don't be fooled by teaser and variable rates - Lock in a great rate!

Prices include energy, transmission, and GRT.","Residential","RS - Regular Residential Service","24 months","No","","",""
"0.0849","Verde Energy USA, Inc.","Fixed price","","No","No","New enrollments receive $ 100 in Cash-Back Savings, a 10% discount on energy saving products, and free access to Verde Energy Solutions where customers can monitor and analyze their energy use.","Residential","RS - Regular Residential Service","12 months","No","100.00","",""
"0.0849","Verde Energy USA, Inc.","Fixed price","","No","No","New enrollments receive $ 100 in Cash-Back Savings, a 10% discount on energy saving products, and free access to Verde Energy Solutions where customers can monitor and analyze their energy use.","Residential","RS - Regular Residential Service","12 months","No","100.00","",""
"0.0849","Verde Energy USA, Inc.","Fixed price","","No","No","New enrollments receive $ 100 in Cash-Back Savings, a 10% discount on energy saving products, and free access to Verde Energy Solutions where customers can monitor and analyze their energy use.","Residential","RH - Residential Heating Service","12 months","No","100.00","",""
"0.0849","Verde Energy USA, Inc.","Fixed price","","No","No","New enrollments receive $ 100 in Cash-Back Savings, a 10% discount on energy saving products, and free access to Verde Energy Solutions where customers can monitor and analyze their energy use.","Residential","RH - Residential Heating Service","12 months","No","100.00","",""
"0.0959","Viridian Energy","Fixed price","150","No","No","","Residential","RS - Regular Residential Service","12 months","No","50.00","",""
"0.0935","Viridian Energy","Fixed price","$150 ","No","No","","Residential","RS - Regular Residential Service","36 months","No","50.00","",""
"0.0959","Viridian Energy","Fixed price","150","No","No","","Residential","RS - Regular Residential Service","12 months","No","50.00","",""
"0.0935","Viridian Energy","Fixed price","$150 ","No","No","","Residential","RS - Regular Residential Service","36 months","No","50.00","",""
"0.0780","WGL Energy Services","Variable price","","No","No","1 Year Fixed price with 5% wind : 83¢
1 Year Fixed price with 100% National wind : 91¢","Residential","RS - Regular Residential Service","No term length","Yes","5.00","",""
"0.0910","WGL Energy Services","Fixed price","","No","No","Variable price: 78¢
1 Year Fixed price with 5% wind : 83¢","Residential","RA - Residential Add-on Heat Pump Service","12 months","Yes","100.00","",""
"0.0780","WGL Energy Services","Variable price","","No","No","1 Year Fixed price with 5% wind : 83¢
1 Year Fixed price with 100% National wind : 91¢","Residential","RH - Residential Heating Service","No term length","No","5.00","",""
"0.0830","WGL Energy Services","Fixed price","0","No","No","Variable price: 78¢
1 Year Fixed price with 100% National wind : 91¢","Residential","RS - Regular Residential Service","12 months","Yes","5.00","",""
"0.0910","WGL Energy Services","Fixed price","","No","No","Variable price: 78¢
1 Year Fixed price with 5% wind : 83¢","Residential","RS - Regular Residential Service","12 months","No","100.00","",""
"0.0780","WGL Energy Services","Variable price","","No","No","1 Year Fixed price with 5% wind : 83¢
1 Year Fixed price with 100% National wind : 91¢","Residential","RS - Regular Residential Service","No term length","Yes","5.00","",""
"0.0830","WGL Energy Services","Fixed price","0","No","No","Variable price: 78¢
1 Year Fixed price with 100% National wind : 91¢","Residential","RH - Residential Heating Service","12 months","No","5.00","",""
"0.0910","WGL Energy Services","Fixed price","","No","No","Variable price: 78¢
1 Year Fixed price with 5% wind : 83¢","Residential","RH - Residential Heating Service","12 months","Yes","100.00","",""
"0.0780","WGL Energy Services","Variable price","","No","No","1 Year Fixed price with 5% wind : 83¢
1 Year Fixed price with 100% National wind : 91¢","Residential","RH - Residential Heating Service","No term length","No","5.00","",""
"0.0830","WGL Energy Services","Fixed price","0","No","No","Variable price: 78¢
1 Year Fixed price with 100% National wind : 91¢","Residential","RS - Regular Residential Service","12 months","Yes","5.00","",""
"0.0910","WGL Energy Services","Fixed price","","No","No","Variable price: 78¢
1 Year Fixed price with 5% wind : 83¢","Residential","RS - Regular Residential Service","12 months","No","100.00","",""
"0.0830","WGL Energy Services","Fixed price","0","No","No","Variable price: 78¢
1 Year Fixed price with 100% National wind : 91¢","Residential","RH - Residential Heating Service","12 months","No","5.00","",""
"0.0910","WGL Energy Services","Fixed price","","No","No","Variable price: 78¢
1 Year Fixed price with 5% wind : 83¢","Residential","RH - Residential Heating Service","12 months","Yes","100.00","",""
"0.0780","WGL Energy Services","Variable price","","No","No","1 Year Fixed price with 5% wind : 83¢
1 Year Fixed price with 100% wind : 91¢","Residential","RA - Residential Add-on Heat Pump Service","No term length","Yes","5.00","",""
"0.0830","WGL Energy Services","Fixed price","","No","No","Variable price: 78¢
1 Year Fixed price with 100% wind : 91¢","Residential","RA - Residential Add-on Heat Pump Service","12 months","Yes","5.00","",""
"0.0910","WGL Energy Services","Fixed price","","No","No","Variable price: 78¢
1 Year Fixed price with 5% wind : 83¢","Residential","RA - Residential Add-on Heat Pump Service","12 months","Yes","100.00","",""
"0.0780","WGL Energy Services","Variable price","","No","No","1 Year Fixed price with 5% wind : 83¢
1 Year Fixed price with 100% wind : 91¢","Residential","RA - Residential Add-on Heat Pump Service","No term length","Yes","5.00","",""
"0.0830","WGL Energy Services","Fixed price","","No","No","Variable price: 78¢
1 Year Fixed price with 100% wind : 91¢","Residential","RA - Residential Add-on Heat Pump Service","12 months","Yes","5.00","",""
"0.0813","YEP Energy","Fixed price","150","No","No","Fixed Price
NO monthly fee
Price includes Gross Receipts Tax
www.yepenergypa.com
1 (855) 363-7736","Residential","RS - Regular Residential Service","24 months","No","","",""
"0.0832","YEP Energy","Fixed price","150","No","No","Fixed Price
NO monthly fee
Price includes Gross Receipts Tax
www.yepenergypa.com
1 (855) 363-7736","Residential","RS - Regular Residential Service","18 months","No","","",""
"0.0816","YEP Energy","Fixed price","150","No","No","Fixed Price
NO monthly fee
Price includes Gross Receipts Tax
www.yepenergypa.com
1 (855) 363-7736","Residential","RS - Regular Residential Service","12 months","No","","",""
"0.0813","YEP Energy","Fixed price","150","No","No","Fixed Price
NO monthly fee
Price includes Gross Receipts Tax
www.yepenergypa.com
1 (855) 363-7736","Residential","RS - Regular Residential Service","24 months","No","","",""
"0.0832","YEP Energy","Fixed price","150","No","No","Fixed Price
NO monthly fee
Price includes Gross Receipts Tax
www.yepenergypa.com
1 (855) 363-7736","Residential","RS - Regular Residential Service","18 months","No","","",""
"0.0816","YEP Energy","Fixed price","150","No","No","Fixed Price
NO monthly fee
Price includes Gross Receipts Tax
www.yepenergypa.com
1 (855) 363-7736","Residential","RS - Regular Residential Service","12 months","No","","",""
"0.0785","BlueRock Energy Inc.","Fixed price","100","No","No","","Residential","RS - Regular Residential Service","12 months","No","","",""
"0.0785","BlueRock Energy Inc.","Fixed price","100","No","No","","Residential","RS - Regular Residential Service","12 months","No","","",""
"0.0579","Great American Power","Variable price","","No","Yes","This variable plan is $0.0579 per kwh with No Early Cancellation Fee.    This rate is good for 1 month and after 1 month you will be placed on our regular residential rate month to month.

***For New Customers Only***

To enroll on line go to www.greatamericanpower.com or call 1-877-215-4140
","Residential","RH - Residential Heating Service","1 month","No","","",""
"0.0579","Great American Power","Variable price","","No","Yes","This variable plan is $0.0579 per kwh with No Early Cancellation Fee.    This rate is good for 1 month and after 1 month you will be placed on our regular residential rate month to month.

***For New Customers Only***

To enroll on line go to www.greatamericanpower.com or call 1-877-215-4140
","Residential","RA - Residential Add-on Heat Pump Service","1 month","No","","",""
"0.0579","Great American Power","Variable price","","No","Yes","This variable plan is $0.0579 per kwh with No Early Cancellation Fee.    This rate is good for 1 month and after 1 month you will be placed on our regular residential rate month to month.

***For New Customers Only***

To enroll on line go to www.greatamericanpower.com or call 1-877-215-4140
","Residential","RH - Residential Heating Service","1 month","No","","",""
"0.0579","Great American Power","Variable price","","No","Yes","This variable plan is $0.0579 per kwh with No Early Cancellation Fee.    This rate is good for 1 month and after 1 month you will be placed on our regular residential rate month to month.

***For New Customers Only***

To enroll on line go to www.greatamericanpower.com or call 1-877-215-4140
","Residential","RA - Residential Add-on Heat Pump Service","1 month","No","","",""
"0.0748","Vista Energy Marketing L.P.","Fixed price","$75","No","No","Commodity prices fluctuate but, with Vista Energy’s fixed rate plan, your rate will remain the same for 12 months. Order now to lock in a great low price and relax for the next 12 months!","Residential","RS - Regular Residential Service","12 months","No","","",""
"0.0748","Vista Energy Marketing L.P.","Fixed price","$75","No","No","Commodity prices fluctuate but, with Vista Energy’s fixed rate plan, your rate will remain the same for 12 months. Order now to lock in a great low price and relax for the next 12 months!","Residential","RS - Regular Residential Service","12 months","No","","",""
"0.0779","Great American Power","Fixed price","","No","No","***SHOPPING REWARDS PROGRAM*** $100 SHOPPING DOLLARS EVERY MONTH    By selecting this plan, you will have exclusive access to our Shopping Rewards Program. We would love to welcome you to our program and enjoy these special features and benefits.  This is a fixed plan for 6 Months at $0.0779 with No Early Termination Fee.   ***For New Customers Only*** To enroll, on line go to www.greatamericanpower.com or call 1-877-215-4140.","Residential","RS - Regular Residential Service","6 months","No","","",""
"0.0779","Great American Power","Fixed price","","No","No","***SHOPPING REWARDS PROGRAM*** $100 SHOPPING DOLLARS EVERY MONTH    By selecting this plan, you will have exclusive access to our Shopping Rewards Program. We would love to welcome you to our program and enjoy these special features and benefits.  This is a fixed plan for 6 Months at $0.0779 with No Early Termination Fee.   ***For New Customers Only*** To enroll, on line go to www.greatamericanpower.com or call 1-877-215-4140.","Residential","RS - Regular Residential Service","6 months","No","","",""
"0.0730","AP Gas & Electric (PA), LLC","Fixed price","50","No","No","Lock in long-term price security today with our competitive 24-month fixed-rate plan.  Enjoy the peace of mind that comes with choosing APG&E as your electricity supplier for the next 2 years, knowing that you don’t have to keep switching suppliers.   Offer available to new customers only.  
Flexible.  Affordable. Energy.  That’s APG&E.
","Residential","RS - Regular Residential Service","24 months","No","","",""
"0.0680","AP Gas & Electric (PA), LLC","Fixed price","25","No","No","Lock in price security today with our competitive 6-month fixed-rate plan.  Enjoy the peace of mind that comes with choosing APG&E as your electricity supplier.   Offer available to new customers only.  
Flexible.  Affordable. Energy.  That’s APG&E.
","Residential","RS - Regular Residential Service","6 months","No","","",""
"0.0730","AP Gas & Electric (PA), LLC","Fixed price","50","No","No","Lock in long-term price security today with our competitive 24-month fixed-rate plan.  Enjoy the peace of mind that comes with choosing APG&E as your electricity supplier for the next 2 years, knowing that you don’t have to keep switching suppliers.   Offer available to new customers only.  
Flexible.  Affordable. Energy.  That’s APG&E.
","Residential","RS - Regular Residential Service","24 months","No","","",""
"0.0680","AP Gas & Electric (PA), LLC","Fixed price","25","No","No","Lock in price security today with our competitive 6-month fixed-rate plan.  Enjoy the peace of mind that comes with choosing APG&E as your electricity supplier.   Offer available to new customers only.  
Flexible.  Affordable. Energy.  That’s APG&E.
","Residential","RS - Regular Residential Service","6 months","No","","",""
"0.0799","Great American Power","Fixed price","$100","No","No","***SHOPPING REWARDS PROGRAM*** $25 SHOPPING DOLLARS EVERY MONTH    By selecting this plan, you will have exclusive access to our Shopping Rewards Program. We would love to welcome you to our program and enjoy these special features and benefits.  This is a fixed plan for 12 Months at $0.0799.   The Early Termination Fee is $10 per month remaining in the contract and will not exceed $100.   ***For New Customers Only*** To enroll, on line go to www.greatamericanpower.com or call 1-877-215-4140.","Residential","RA - Residential Add-on Heat Pump Service","12 months","No","","",""
"0.0579","Great American Power","Variable price","","No","Yes","This variable plan is $0.0579 per kwh with No Early Cancellation Fee.    This rate is good for 1 month and after 1 month you will be placed on our regular residential rate month to month.

***For New Customers Only***

To enroll on line go to www.greatamericanpower.com or call 1-877-215-4140
","Residential","RS - Regular Residential Service","1 month","No","","",""
"0.0579","Great American Power","Variable price","","No","Yes","This variable plan is $0.0579 per kwh with No Early Cancellation Fee.    This rate is good for 1 month and after 1 month you will be placed on our regular residential rate month to month.

***For New Customers Only***

To enroll on line go to www.greatamericanpower.com or call 1-877-215-4140
","Residential","RS - Regular Residential Service","1 month","No","","",""
"0.0779","Great American Power","Fixed price","","No","No","***SHOPPING REWARDS PROGRAM*** $100 SHOPPING DOLLARS EVERY MONTH     By selecting this plan, you will have exclusive access to our Shopping Rewards Program. We would love to welcome you to our program and enjoy these special features and benefits.  This is a fixed plan for 6 Months at $0.0779 with No Early Termination Fee.   ***For New Customers Only*** To enroll, on line go to www.greatamericanpower.com or call 1-877-215-4140.","Residential","RH - Residential Heating Service","6 months","No","","",""
"0.0779","Great American Power","Fixed price","","No","No","***SHOPPING REWARDS PROGRAM*** $100 SHOPPING DOLLARS EVERY MONTH     By selecting this plan, you will have exclusive access to our Shopping Rewards Program. We would love to welcome you to our program and enjoy these special features and benefits.  This is a fixed plan for 6 Months at $0.0779 with No Early Termination Fee.   ***For New Customers Only*** To enroll, on line go to www.greatamericanpower.com or call 1-877-215-4140.","Residential","RA - Residential Add-on Heat Pump Service","6 months","No","","",""
"0.0799","Great American Power","Fixed price","$100","No","No","***SHOPPING REWARDS PROGRAM*** $25 SHOPPING DOLLARS EVERY MONTH   By selecting this plan, you will have exclusive access to our Shopping Rewards Program. We would love to welcome you to our program and enjoy these special features and benefits.  This is a fixed plan for 12 Months at $0.0799.   The Early Termination Fee is $10 per month remaining in the contract and will not exceed $100.   ***For New Customers Only*** To enroll, on line go to www.greatamericanpower.com or call 1-877-215-4140.","Residential","RS - Regular Residential Service","12 months","No","","",""
"0.0779","Great American Power","Fixed price","","No","No","***SHOPPING REWARDS PROGRAM*** $100 SHOPPING DOLLARS EVERY MONTH     By selecting this plan, you will have exclusive access to our Shopping Rewards Program. We would love to welcome you to our program and enjoy these special features and benefits.  This is a fixed plan for 6 Months at $0.0779 with No Early Termination Fee.   ***For New Customers Only*** To enroll, on line go to www.greatamericanpower.com or call 1-877-215-4140.","Residential","RH - Residential Heating Service","6 months","No","","",""
"0.0799","Great American Power","Fixed price","$100","No","No","***SHOPPING REWARDS PROGRAM*** $25 SHOPPING DOLLARS EVERY MONTH     By selecting this plan, you will have exclusive access to our Shopping Rewards Program. We would love to welcome you to our program and enjoy these special features and benefits.  This is a fixed plan for 12 Months at $0.0799.   The Early Termination Fee is $10 per month remaining in the contract and will not exceed $100.   ***For New Customers Only*** To enroll, on line go to www.greatamericanpower.com or call 1-877-215-4140.","Residential","RH - Residential Heating Service","12 months","No","","",""
"0.0779","Great American Power","Fixed price","","No","No","***SHOPPING REWARDS PROGRAM*** $100 SHOPPING DOLLARS EVERY MONTH     By selecting this plan, you will have exclusive access to our Shopping Rewards Program. We would love to welcome you to our program and enjoy these special features and benefits.  This is a fixed plan for 6 Months at $0.0779 with No Early Termination Fee.   ***For New Customers Only*** To enroll, on line go to www.greatamericanpower.com or call 1-877-215-4140.","Residential","RA - Residential Add-on Heat Pump Service","6 months","No","","",""
"0.0799","Great American Power","Fixed price","$100","No","No","***SHOPPING REWARDS PROGRAM*** $25 SHOPPING DOLLARS EVERY MONTH    By selecting this plan, you will have exclusive access to our Shopping Rewards Program. We would love to welcome you to our program and enjoy these special features and benefits.  This is a fixed plan for 12 Months at $0.0799.   The Early Termination Fee is $10 per month remaining in the contract and will not exceed $100.   ***For New Customers Only*** To enroll, on line go to www.greatamericanpower.com or call 1-877-215-4140.","Residential","RA - Residential Add-on Heat Pump Service","12 months","No","","",""
"0.0799","Great American Power","Fixed price","$100","No","No","***SHOPPING REWARDS PROGRAM*** $25 SHOPPING DOLLARS EVERY MONTH   By selecting this plan, you will have exclusive access to our Shopping Rewards Program. We would love to welcome you to our program and enjoy these special features and benefits.  This is a fixed plan for 12 Months at $0.0799.   The Early Termination Fee is $10 per month remaining in the contract and will not exceed $100.   ***For New Customers Only*** To enroll, on line go to www.greatamericanpower.com or call 1-877-215-4140.","Residential","RS - Regular Residential Service","12 months","No","","",""
"0.0799","Great American Power","Fixed price","$100","No","No","***SHOPPING REWARDS PROGRAM*** $25 SHOPPING DOLLARS EVERY MONTH     By selecting this plan, you will have exclusive access to our Shopping Rewards Program. We would love to welcome you to our program and enjoy these special features and benefits.  This is a fixed plan for 12 Months at $0.0799.   The Early Termination Fee is $10 per month remaining in the contract and will not exceed $100.   ***For New Customers Only*** To enroll, on line go to www.greatamericanpower.com or call 1-877-215-4140.","Residential","RH - Residential Heating Service","12 months","No","","",""
"0.0649","Vista Energy Marketing L.P.","Fixed price","","No","No","Commodity prices fluctuate but, with Vista Energy’s fixed rate plan, your rate will remain the same for 3 months. Order now to lock in a great low price! This price is available for new customers only. 
","Residential","RS - Regular Residential Service","3 months","No","","",""
"0.0649","Vista Energy Marketing L.P.","Fixed price","","No","No","Commodity prices fluctuate but, with Vista Energy’s fixed rate plan, your rate will remain the same for 3 months. Order now to lock in a great low price! This price is available for new customers only. 
","Residential","RS - Regular Residential Service","3 months","No","","",""
"0.1020","CleanChoice Energy","Fixed price","","No","No","Switch to 100% clean energy with CleanChoice Energy today and claim your promotional National Park Pass when you use the offer NPSPass over the phone at 1-800-460-4900. Now when you support 100% clean renewable energy with CleanChoice Energy not only will you get a National Park Pass to be able to visit more than 2,000 sites across America, but also with your new clean energy plan you'll help keep those sites beautiful for future generations.","Residential","RS - Regular Residential Service","12 months","No","100.00","",""
"0.1020","CleanChoice Energy","Fixed price","","No","No","Switch to 100% clean energy with CleanChoice Energy today and claim your promotional National Park Pass when you use the offer NPSPass over the phone at 1-800-460-4900. Now when you support 100% clean renewable energy with CleanChoice Energy not only will you get a National Park Pass to be able to visit more than 2,000 sites across America, but also with your new clean energy plan you'll help keep those sites beautiful for future generations.","Residential","RS - Regular Residential Service","12 months","No","100.00","",""
"0.1020","CleanChoice Energy","Variable price","","No","Yes","12 month agreement - 3 months fixed, 9 months variable. Switch to 100% clean energy with CleanChoice Energy today and claim your promotional National Park Pass when you use the offer NPSPass over the phone at 1-800-460-4900. Now when you support 100% clean renewable energy with CleanChoice Energy not only will you get a National Park Pass to be able to visit more than 2,000 sites across America, but also with your new clean energy plan you'll help keep those sites beautiful for future generations.","Residential","RS - Regular Residential Service","3 months","No","100.00","",""
"0.1020","CleanChoice Energy","Variable price","","No","Yes","12 month agreement - 3 months fixed, 9 months variable. Switch to 100% clean energy with CleanChoice Energy today and claim your promotional National Park Pass when you use the offer NPSPass over the phone at 1-800-460-4900. Now when you support 100% clean renewable energy with CleanChoice Energy not only will you get a National Park Pass to be able to visit more than 2,000 sites across America, but also with your new clean energy plan you'll help keep those sites beautiful for future generations.","Residential","RS - Regular Residential Service","3 months","No","100.00","",""
"0.1150","CleanChoice Energy","Fixed price","","No","No","Now all the energy your home uses can be replenished by a regional wind farm in Pennsylvania. This offer is a 12-month fixed rate for 100% clean and renewable wind energy from the Twin Ridges Wind Farm, located in Somerset County, PA. More wind power on the grid means less air pollution and cleaner air for all of us. Switch today and support a project that generates renewable power, good jobs, and healthy Pennsylvanian communities. Eligibility for this product is limited based upon availability.","Residential","RS - Regular Residential Service","12 months","Yes","100.00","",""
"0.1150","CleanChoice Energy","Fixed price","","No","No","Now all the energy your home uses can be replenished by a regional wind farm in Pennsylvania. This offer is a 12-month fixed rate for 100% clean and renewable wind energy from the Twin Ridges Wind Farm, located in Somerset County, PA. More wind power on the grid means less air pollution and cleaner air for all of us. Switch today and support a project that generates renewable power, good jobs, and healthy Pennsylvanian communities. Eligibility for this product is limited based upon availability.","Residential","RS - Regular Residential Service","12 months","Yes","100.00","",""
"0.0749","Palmco Power PA, LLC","Variable price","","No","Yes","Introductory rate valid for the first 2 months of service, variable thereafter. New customers only. Promotions available (restrictions apply): 
•Dinner & Movie Gift Cards 
•Restaurant.com Gift Cards 
•Referral Credits 
•Senior citizen discounts","Residential","RS - Regular Residential Service","No term length","No","","",""
"0.0838","Palmco Power PA, LLC","Fixed price","","No","Yes","Web Exclusive Fixed Plan: 14 month fixed term contract.  Rate of 0.07900 for the initial 2 months of service, followed by a fixed rate of 0.0838 for the remaining 12 months.  No cancellation fees.  
Promotions available (restrictions apply): 
•Dinner & Movie Gift Cards 
•Restaurant.com Gift Cards 
•Referral Credits  ","Residential","RS - Regular Residential Service","14 months","No","","",""
"0.0749","Palmco Power PA, LLC","Variable price","","No","Yes","Introductory rate valid for the first 2 months of service, variable thereafter. New customers only. Promotions available (restrictions apply): 
•Dinner & Movie Gift Cards 
•Restaurant.com Gift Cards 
•Referral Credits 
•Senior citizen discounts","Residential","RS - Regular Residential Service","No term length","No","","",""
"0.0838","Palmco Power PA, LLC","Fixed price","","No","Yes","Web Exclusive Fixed Plan: 14 month fixed term contract.  Rate of 0.07900 for the initial 2 months of service, followed by a fixed rate of 0.0838 for the remaining 12 months.  No cancellation fees.  
Promotions available (restrictions apply): 
•Dinner & Movie Gift Cards 
•Restaurant.com Gift Cards 
•Referral Credits  ","Residential","RS - Regular Residential Service","14 months","No","","",""
"0.0589","Inspire","Variable price","","No","No","Ditch the dirt and enjoy 100% clean power with a flexible, month-to-month rate! Inspire provides the world's most consumer-focused clean power platform, transparent pricing & personalized expert support. 

For new customers only, enroll today to get access to our PA Power Switch promotional offer!","Residential","RS - Regular Residential Service","No term length","No","100.00","",""
"0.0589","Inspire","Variable price","","No","No","Ditch the dirt and enjoy 100% clean power with a flexible, month-to-month rate! Inspire provides the world's most consumer-focused clean power platform, transparent pricing & personalized expert support. 

For new customers only, enroll today to get access to our PA Power Switch promotional offer!","Residential","RS - Regular Residential Service","No term length","No","100.00","",""
"0.0840","Green Mountain Energy Company","Fixed price","$150","No","No","All of our residential customers get their electricity supplied from non-polluting wind sources. Visit the site for plan details and to sign up.
","Residential","RS - Regular Residential Service","12 months","No","100.00","",""
"0.0840","Green Mountain Energy Company","Fixed price","$150","No","No","All of our residential customers get their electricity supplied from non-polluting wind sources. Visit the site for plan details and to sign up.
","Residential","RS - Regular Residential Service","12 months","No","100.00","",""
"0.0640","Titan Gas and Power","Fixed price","The cancellation fee is $75.","No","No","The cancellation fee is $75 per 12 month term.","Residential","RS - Regular Residential Service","12 months","No","","",""
"0.0640","Titan Gas and Power","Fixed price","The cancellation fee is $75.","No","No","The cancellation fee is $75 per 12 month term.","Residential","RS - Regular Residential Service","12 months","No","","",""
"0.0714","Titan Gas and Power","Fixed price","The cancellation fee is $150.","No","No","","Residential","RS - Regular Residential Service","24 months","No","","",""
"0.0714","Titan Gas and Power","Fixed price","The cancellation fee is $150.","No","No","","Residential","RS - Regular Residential Service","24 months","No","","",""
"0.0729","Cirro Energy","Fixed price","$10/month remaining on term","No","No","Choose the Smart Secure PS 12 plan to lock in a fixed electricity rate for 12 months and take control of your electricity bill. 
Early cancellation fee applies.","Residential","RS - Regular Residential Service","12 months","No","","",""
"0.0729","Cirro Energy","Fixed price","$10/month remaining on term","No","No","Choose the Smart Secure PS 12 plan to lock in a fixed electricity rate for 12 months and take control of your electricity bill. 
Early cancellation fee applies.","Residential","RS - Regular Residential Service","12 months","No","","",""
"0.0889","Cirro Energy","Fixed price","$10/month remaining on term","No","No","Choose the Smart Secure PS 24 plan to lock in a fixed electricity rate for 24 months and take control of your electricity bill. Early cancellation fee applies.
","Residential","RS - Regular Residential Service","24 months","No","","",""
"0.0889","Cirro Energy","Fixed price","$10/month remaining on term","No","No","Choose the Smart Secure PS 24 plan to lock in a fixed electricity rate for 24 months and take control of your electricity bill. Early cancellation fee applies.
","Residential","RS - Regular Residential Service","24 months","No","","",""
"0.0789","Cirro Energy","Fixed price","$10/month remaining on term","No","No","Choose the Smart Secure PS 6 plan to lock in a fixed electricity rate for 6 months and take control of your electricity bill. 
Early cancellation fee applies.","Residential","RS - Regular Residential Service","6 months","No","","",""
"0.0789","Cirro Energy","Fixed price","$10/month remaining on term","No","No","Choose the Smart Secure PS 6 plan to lock in a fixed electricity rate for 6 months and take control of your electricity bill. 
Early cancellation fee applies.","Residential","RS - Regular Residential Service","6 months","No","","",""
"0.1165","Viridian Energy","Variable price","$150","No","No","","Residential","RS - Regular Residential Service","1 month","No","50.00","",""
"0.1165","Viridian Energy","Variable price","$150","No","No","","Residential","RS - Regular Residential Service","1 month","No","50.00","",""
