"Price","Supplier","Type","Cancellation Fee","Discounts available?","Introductory price?","More info","Service Type","Rate type","Term Length","PA wind","Renewable Energy","Term End Date","Enrollment Fee"
"0.0689","Nittany Energy LLC","Fixed price","","No","No","Nittany Energy® is a family owned business locally owned and operated in Central Pennsylvania.  We offer competitive pricing with outstanding customer service. 1-800-252-3882 (New Customers Only) The advertised offer expires 4/30/2018.  Offer subject to availability.","Residential","RS - Regular Residential Service","12 months","No","","",""
"0.0679","Nittany Energy LLC","Fixed price","","No","No","Nittany Energy® is a family owned business locally owned and operated in Central Pennsylvania.  We offer competitive pricing with outstanding customer service. 1-800-252-3882 (New Customers Only) The advertised offer expires 4/30/2018.  Offer subject to availability.","Residential","RS - Regular Residential Service","18 months","No","","",""
"0.0739","Starion Energy","Fixed price","100","No","No","EcoGreen Secure. 100% of your usage will be matched with national wind renewable energy certificates. Your price per kWh will remain the same for a set term. Contact us for more information today.

Starion Energy offers live, Pennsylvania-based customer service.","Residential","RS - Regular Residential Service","6 months","No","","",""
"0.0669","Nittany Energy LLC","Fixed price","","No","No","Nittany Energy® is a family owned business locally owned and operated in Central Pennsylvania.  We offer competitive pricing with outstanding customer service. 1-800-252-3882 (New Customers Only) The advertised offer expires 4/30/2018.  Offer subject to availability.","Residential","RS - Regular Residential Service","24 months","No","","",""
"0.0779","IGS Energy","Fixed price","99","No","No","How you benefit:

With a fixed rate we provide you with the peace-of-mind and savings that comes with locking in at our low rates. 
","Residential","RS - Regular Residential Service","36 months","No","","",""
"0.1009","SFE Energy","Fixed price","$2.50 + tax per month or partial month remaining on the Agreement Term.","Yes","Yes","SFE will plant 1 tree on your behalf. You may receive up to $50 cash back if you don’t save money over the course of your Agreement's term. 

","Residential","RS - Regular Residential Service","24 months","No","100.00","",""
"0.0699","Just Energy","Fixed price","$50","No","No","Please visit www.justenergy.com to enroll.
If you call us to cancel, Just Energy will not charge any Early Termination Fees.","Residential","RS - Regular Residential Service","36 months","No","","",""
"0.0729","Just Energy","Fixed price","$50","No","No","Please visit www.justenergy.com to enroll.
If you call us to cancel, Just Energy will not charge any Early Termination Fees.","Residential","RS - Regular Residential Service","24 months","No","","",""
"0.0759","Just Energy","Fixed price","$50","No","No","Please visit www.justenergy.com to enroll.
If you call us to cancel, Just Energy will not charge any Early Termination Fees.","Residential","RS - Regular Residential Service","12 months","No","","",""
"0.0625","AEP Energy","Fixed price","$99","Yes","No","Enjoy a year of Amazon Prime, a $99 value, on us when you enroll your home on our energy supply. Already a Prime member? Extend your existing membership for one year with this offer. This offer is for new customers only and subject to availability.","Residential","RS - Regular Residential Service","12 months","No","","",""
"0.0584","AEP Energy","Fixed price","","No","No","Fixed Rate  • No Monthly Fee • No Cancellation Fee • New Customers Only","Residential","RS - Regular Residential Service","12 months","No","","",""
"0.0629","AEP Energy","Fixed price","","No","No","Fixed Rate • No Monthly Fee • No Cancellation Fee • New Customers Only","Residential","RS - Regular Residential Service","24 months","No","","",""
"0.0818","Agera Energy LLC","Fixed price","200","No","No","The Agera Fixed Advantage gives you guaranteed price protection with no enrollment fees and ensures that you receive the same fixed price for the energy you consume for the duration of your term.  
","Residential","RS - Regular Residential Service","12 months","No","","",""
"0.0785","Agera Energy LLC","Fixed price","200","No","No","The Agera Fixed Advantage gives you guaranteed price protection with no enrollment fees and ensures that you receive the same fixed price for the energy you consume for the duration of your term.  
","Residential","RS - Regular Residential Service","24 months","No","","",""
"0.0510","Agway Energy Services LLC ","Variable price","","No","Yes","Promotional rate for the 1st bill to introduce you to our EnergyGuard repair program.  This valuable coverage is included with our commodity supply and provides Peace of Mind repair protection on your central a/c unit and electric lines in your home.","Residential","RS - Regular Residential Service","No term length","No","","",""
"0.0510","Agway Energy Services LLC ","Variable price","","No","Yes","Promotional rate for the 1st bill to introduce you to our EnergyGuard repair program.  This valuable coverage is included with our commodity supply and provides Peace of Mind repair protection on your central a/c unit and electric lines in your home.","Residential","RS - Regular Residential Service","No term length","No","100.00","",""
"0.0875","Ambit Energy","Fixed price","","No","No","Call (877)28 AMBIT - (877) 282-6248 or visit www.ambitenergy.com ","Residential","RS - Regular Residential Service","3 months","No","","",""
"0.0530","Ambit Energy","Variable price","","No","No","PA Guaranteed Savings Plan: Guaranteed savings vs. incumbent price for the first year. Additional savings plan is available after the end of first year.

Call (877) 28 AMBIT - (877) 282-6248 or visit www.ambitenergy.com
","Residential","RS - Regular Residential Service","No term length","No","","",""
"0.0775","Ambit Energy","Variable price","","No","No","Ambit Green Keystone Variable: 

This plan is eligible for free energy and travel rewards.

Call (877) 28 AMBIT - (877) 282-6248 or visit www.ambitenergy.com
","Residential","RS - Regular Residential Service","No term length","No","100.00","",""
"0.0559","American Power & Gas of Pennsylvania LLC","Variable price","","Yes","Yes","Our famous 25% rebate check is available to all of our customers. 
Plus: 

Travel Savings
Deal Dollars
Movie downloads
Reforestation projects
1yr magazine subscription

Pick yours!
We have sent out over $900,000 in rebates. Are you getting one?

","Residential","RS - Regular Residential Service","No term length","No","","",""
"0.0859","American Power & Gas of Pennsylvania LLC","Variable price","","Yes","Yes","Our famous 25% rebate check is available to all of our customers. 
Plus: 

Travel Savings
Deal Dollars
Movie downloads
Reforestation projects
1yr magazine subscription

Pick yours!
We have sent out over $900,000 in rebates. Are you getting one?
","Residential","RS - Regular Residential Service","No term length","No","100.00","",""
"0.0940","American Power & Gas of Pennsylvania LLC","Fixed price","0","No","No","","Residential","RS - Regular Residential Service","12 months","No","100.00","",""
"0.0599","AP Gas & Electric (PA), LLC","Fixed price","25","No","No","Lock in price security today with our competitive 12-month fixed-rate plan.  Enjoy the peace of mind that comes with choosing APG&E as your electricity supplier.   Offer available to new customers only.  
Flexible.  Affordable. Energy.  That’s APG&E.
","Residential","RS - Regular Residential Service","12 months","No","","",""
"0.0730","Champion Energy Services LLC","Fixed price","$10 per month remaining in contract","No","No","Champion Energy offers award winning customer service and competitive rates.
Early termination fee of $10 per month remaining on contract.","Residential","RS - Regular Residential Service","12 months","No","","",""
"0.0760","Champion Energy Services LLC","Fixed price","$10 per month remaining in contract","No","No","Champion Energy offers award winning customer service and competitive rates.
Early termination fee of $10 per month remaining on contract.","Residential","RS - Regular Residential Service","6 months","No","","",""
"0.0710","Champion Energy Services LLC","Fixed price","$10 per month remaining in contract","No","No","Champion Energy offers award winning customer service and competitive rates.
Early termination fee of $10 per month remaining on contract.","Residential","RS - Regular Residential Service","24 months","No","","",""
"0.0719","Clearview Energy","Fixed price","150","No","No","ClearGreenGuarantee12 is a 100% renewable fixed plan for 12 months. For more information on this plan, or any other plans, please contact us at (888)987-6050. Or visit our website at https://clearviewenergy.com/state/Pennsylvania.","Residential","RS - Regular Residential Service","12 months","No","100.00","",""
"0.0719","Clearview Energy","Fixed price","50","No","No","ClearGreenGuarantee9 is a 100% renewable fixed plan for 9 months. For more information on this plan, or any other plans, please contact us at (888)987-6050. Or visit our website at https://clearviewenergy.com/state/Pennsylvania.
","Residential","RS - Regular Residential Service","9 months","No","","",""
"0.0579","Constellation Energy","Fixed price","150","No","No","What you get:

A 90-day customer satisfaction guarantee that gives you the ability to cancel your contract during the 90-day period without an early termination fee.
","Residential","RS - Regular Residential Service","6 months","No","","",""
"0.0639","Constellation Energy","Fixed price","150","No","No","What you get:

A 90-day customer satisfaction guarantee that gives you the ability to cancel your contract during the 90-day period without an early termination fee.
","Residential","RS - Regular Residential Service","24 months","No","100.00","",""
"0.0599","Constellation Energy","Fixed price","150","No","No","What you get:
A 90-day customer satisfaction guarantee that gives you the ability to cancel your contract during the 90-day period without an early termination fee.
","Residential","RS - Regular Residential Service","36 months","No","","",""
"0.0709","Direct Energy","Fixed price","99","No","No","Direct Energy gives you price stability with excellent fixed-rate electricity plans.  Check out our current plan for 12 months. To sign up call us at 1-877-697-7617","Residential","RS - Regular Residential Service","12 months","No","","",""
"0.0719","Direct Energy","Fixed price","99","No","No","18 months of fixed-rate electricity! To sign up call us at 1-877-697-7617","Residential","RS - Regular Residential Service","18 months","No","","",""
"0.0769","Energy Rewards","Fixed price","","No","Yes","Fixed Rate with Price Certainty for 6 months. ","Residential","RS - Regular Residential Service","6 months","No","","",""
"0.1145","Energy Rewards","Variable price","","No","No","","Residential","RS - Regular Residential Service","1 month","No","","",""
"0.0809","Energy.Me","Fixed price","200","No","No","Lock-in now for a worry free electricity supply plan at one flat price. With 12 months of guaranteed price protection from every-day changes in market conditions, your energy supply price will never change during your term.","Residential","RS - Regular Residential Service","12 months","No","","",""
"0.0778","Energy.Me","Fixed price","200","No","No","Lock-in now for a worry free electricity supply plan at one flat price. With 24 months of guaranteed price protection from every-day changes in market conditions, your energy supply price will never change during your term.
","Residential","RS - Regular Residential Service","24 months","No","","",""
"0.0626","FirstEnergy Solutions","Fixed price","0","No","No","Length of Agreement: Your retail electric supply will continue until your October 2019 meter-read.  More offers available at fes.com.
","Residential","RS - Regular Residential Service","24 months","No","100.00","",""
"0.0601","FirstEnergy Solutions","Fixed price","0","No","No","Length of Agreement: Your retail electric supply will continue until your October 2019 meter-read.  More offers available at fes.com.

","Residential","RS - Regular Residential Service","24 months","No","","",""
"0.0595","FirstEnergy Solutions","Fixed price","0","No","No","Length of Agreement: Your retail electric supply will continue until your October 2020 meter-read.  More offers available at fes.com.
","Residential","RS - Regular Residential Service","36 months","No","","",""
"0.0590","Green Mountain Energy Company","Variable price","","No","Yes","All of our residential customers get electricity supplied from non-polluting wind sources. Visit the site for plan details and to sign up.","Residential","RS - Regular Residential Service","No term length","No","100.00","",""
"0.1094","IDT Energy, Inc.","Fixed price","","No","No","Our 12-month fixed supply rate. NO termination fees, rate spikes, or enrollment fee. Gain the security of a fixed rate with the flexibility of a variable program. Earn REWARD points for every kWh used and redeem them for gift cards and more.","Residential","RS - Regular Residential Service","12 months","No","100.00","",""
"0.0815","IDT Energy, Inc.","Fixed price","","No","No","Our 12-month fixed supply rate. NO termination fees, rate spikes, or enrollment fee. Gain the security of a fixed rate with the flexibility of a variable program. Earn REWARD points for every kWh used and redeem them for gift cards and more.","Residential","RS - Regular Residential Service","12 months","No","","",""
"0.0749","IGS Energy","Fixed price","99","No","No","How you benefit:

With a fixed rate we provide you with the peace-of-mind and savings that comes with locking in at our low rates. 


","Residential","RS - Regular Residential Service","12 months","No","","",""
"0.0789","IGS Energy","Fixed price","99","No","No","","Residential","RS - Regular Residential Service","36 months","No","100.00","",""
"0.0499","Inspire","Variable price","","No","Yes","Ditch the dirt and enjoy 100% clean power with a flexible, month-to-month rate! Inspire provides the world's most consumer-focused clean power platform, transparent pricing & personalized expert support. 

For new customers only, enroll today to get access to our PA Power Switch promotional offer!

Call us today at (855) 683-6235.","Residential","RS - Regular Residential Service","No term length","No","100.00","",""
"0.0879","Inspire","Fixed price","$10 for each remaining month. ","No","No","Ditch the dirt and enjoy twelve months of 100% clean power at a predictable fixed rate! Inspire provides the world's most consumer-focused clean power platform, transparent pricing & personalized expert support. Welcome to the utility of the future!

Call us today at (855) 683-6235.","Residential","RS - Regular Residential Service","12 months","No","100.00","",""
"0.0849","Inspire","Fixed price","$10 for each remaining month. ","No","No","Ditch the dirt and enjoy six months of 100% clean power at a predictable fixed rate! Inspire provides the world's most consumer-focused clean power platform, transparent pricing & personalized expert support. Welcome to the utility of the future!

Call us today at (855) 683-6235.","Residential","RS - Regular Residential Service","6 months","No","100.00","",""
"0.0729","LifeEnergy","Fixed price","$10/month remaining","No","No","No Enrollment Fee! No monthly Fees! No Fees to switch! Protect yourself from price spikes and take control of your electricity bill with this special PA Power Switch promotional offer!  Offer available to new customers only. Switch today!","Residential","RS - Regular Residential Service","12 months","No","","",""
"0.0729","LifeEnergy","Fixed price","$10/month remaining","No","No","No Enrollment Fee! No monthly Fees! No Fees to switch! Protect yourself from price spikes and take control of your electricity bill with this special PA Power Switch promotional offer!  Offer available to new customers only. Switch today!","Residential","RS - Regular Residential Service","6 months","No","","",""
"0.0749","LifeEnergy","Fixed price","$10/month remaining","No","No","No Enrollment Fee! No monthly Fees! No Fees to switch! Protect yourself from price spikes and take control of your electricity bill with this special PA Power Switch promotional offer!  Offer available to new customers only. Switch today!","Residential","RS - Regular Residential Service","24 months","No","100.00","",""
"0.0754","MidAmerican Energy Services, LLC","Fixed price","","No","No","","Residential","RS - Regular Residential Service","No term length","No","","Sunday, December 1, 2019",""
"0.0530","NextEra Energy Services Pennsylvania LLC","Variable price","","No","No","NextEra Flex","Residential","RS - Regular Residential Service","1 month","No","","",""
"0.0589","North American Power","Fixed price","$10.00 for each month remaining in your contract.","No","No","This offer is for new North American Power customers only.","Residential","RS - Regular Residential Service","12 months","No","","",""
"0.0590","NRG Home","Fixed price","$10/month remaining on term","No","No","The PA Power Switch Plan 12 is only available to new customers through this site. Includes 12-month fixed supply price and 1% Cash Back after every 12 months of service.  Early cancel fee applies. Click ""Sign Up For This Offer"" for full details.","Residential","RS - Regular Residential Service","12 months","No","25.00","",""
"0.0710","NRG Home","Fixed price","$10/month remaining on term","Yes","No","This plan benefits the Children's Hospital of Philadelphia (CHOP). It includes a 12-month fixed price, $50 contribution to CHOP after one month of service, and a 1% ongoing, annual contribution. 
Click ""Sign Up For This Offer"" for full details.
","Residential","RS - Regular Residential Service","12 months","No","","",""
"0.0630","NRG Home","Fixed price","$10/month remaining on term","No","No","The PA Power Switch Plan 6 is only available to new customers through this site.  Includes  6-month fixed  supply price and 1% Cash Back after every 12 months of service. Early cancel fee applies. Click ""Sign Up For This Offer"" for full details. ","Residential","RS - Regular Residential Service","6 months","No","25.00","",""
"0.0770","Pennsylvania Gas & Electric","Fixed price","","No","No","","Residential","RS - Regular Residential Service","12 months","No","","",""
"0.0799","Planet Energy (Pennsylvania) Corp.","Fixed price","225","No","No","","Residential","RS - Regular Residential Service","36 months","No","","",""
"0.0723","Plymouth Rock Energy","Fixed price","","No","No","","Residential","RS - Regular Residential Service","6 months","No","","",""
"0.0707","Plymouth Rock Energy","Fixed price","","No","No","","Residential","RS - Regular Residential Service","12 months","No","","",""
"0.0689","Plymouth Rock Energy","Fixed price","","No","No","","Residential","RS - Regular Residential Service","24 months","No","","",""
"0.0674","Public Power, LLC","Fixed price","50","No","No","","Residential","RS - Regular Residential Service","12 months","No","","",""
"0.1095","Public Power, LLC","Variable price","","No","Yes","","Residential","RS - Regular Residential Service","1 month","No","","",""
"0.0685","Residents Energy LLC","Fixed price","","No","No","Residents Energy ResiSURE: Lock in a per kWh rate for 12-months. No termination or other fees or deposits. Protect yourself from future electric supply market volatility. All the price certainty of a fixed rate program with the flexibility you need","Residential","RS - Regular Residential Service","12 months","No","","",""
"0.1141","Residents Energy LLC","Variable price","","No","No","","Residential","RS - Regular Residential Service","No term length","No","","",""
"0.1094","Residents Energy LLC","Fixed price","","No","No","Concerned about the environment? Looking for price certainty? ResiSure Renewable locks your per kWh supply rate for 12-months. No ETFs. Supply is 100% matched with renewable energy certificates and generated from sources like running water and wind.","Residential","RS - Regular Residential Service","12 months","No","100.00","",""
"0.0799","Respond Power LLC","Fixed price","200","No","No","Lock-in your rate for two years to avoid the sky rocketing energy rates.s.","Residential","RS - Regular Residential Service","24 months","No","","",""
"0.0799","SFE Energy","Fixed price","$2.50 + tax per month or partial month remaining on the Agreement Term.","Yes","Yes","You may receive up to $50 cash back if you don’t save money over the course of your Agreement's term. 
","Residential","RS - Regular Residential Service","24 months","No","","",""
"0.0799","SFE Energy","Fixed price","$2.50 + tax per month or partial month remaining on the Agreement Term.","Yes","Yes","You may receive up to $75 cash back if you don’t save money over the course of your Agreement's term. 
","Residential","RS - Regular Residential Service","36 months","No","","",""
"0.0650","Sperian Energy","Fixed price","49","No","No","This 6 month fixed rate is exclusive for Penelec customers only. Call us today at 888-906-3080 to sign up!","Residential","RS - Regular Residential Service","6 months","No","","",""
"0.6299","Sperian Energy","Fixed price","75","No","No","This 12 month fixed rate is exclusive for Penelec customers only. Call us today at 888-906-3080 to sign up!","Residential","RS - Regular Residential Service","12 months","No","","",""
"0.0759","Star Energy Partners LLC","Fixed price","50","No","No","","Residential","RS - Regular Residential Service","12 months","No","100.00","",""
"0.0899","Star Energy Partners LLC","Fixed price","125","No","No","","Residential","RS - Regular Residential Service","36 months","No","100.00","",""
"0.0889","Star Energy Partners LLC","Fixed price","95","No","No","","Residential","RS - Regular Residential Service","24 months","No","100.00","",""
"0.0778","Stream Energy","Fixed price","150.00","No","No","12 Month Fixed Rate Plan:  $150.00 Early Cancellation Fee. 

For other plans such as a month-to-month rate plan or eco-friendly plan, see your Ignite Associate or call for details. ","Residential","RS - Regular Residential Service","12 months","No","","",""
"0.0537","Stream Energy","Fixed price","75.00","No","No","6 Month Fixed Rate Plan, $75.00 Early Cancellation Fee.

For other plans such as a fixed rate plan or eco-friendly plan, see your Ignite Associate or call for details.","Residential","RS - Regular Residential Service","6 months","No","","",""
"0.0768","Stream Energy","Fixed price","150","No","No","24 Month Fixed Rate Plan, $150.00 Early Cancellation Fee.

For other plans such as a fixed rate plan or eco-friendly plan, see your Ignite Associate or call for details. ","Residential","RS - Regular Residential Service","24 months","No","","",""
"0.0810","Think Energy","Fixed price","","No","No","","Residential","RS - Regular Residential Service","12 months","No","","",""
"0.0810","Think Energy","Fixed price","","No","No","","Residential","RS - Regular Residential Service","18 months","No","","",""
"0.0810","Think Energy","Fixed price","","No","No","","Residential","RS - Regular Residential Service","6 months","No","","",""
"0.0517","Town Square Energy","Fixed price","","No","No","Zero Service Fees | Zero Enrollment Fees | Zero Cancel Fees | Automatically Moves to 8.99¢/kWh Fixed For 9 Months | 12 Month Total Term | Open to All Customers","Residential","RS - Regular Residential Service","3 months","No","","",""
"0.0629","TriEagle Energy L.P.","Fixed price","125","No","No","Don't be fooled by teaser and variable rates - Lock in a great rate!

Prices include energy, transmission, and GRT.
","Residential","RS - Regular Residential Service","36 months","No","","",""
"0.0649","TriEagle Energy L.P.","Fixed price","125","No","No","Don't be fooled by teaser and variable rates - Lock in a great rate!

Prices include energy, transmission, and GRT.","Residential","RS - Regular Residential Service","12 months","No","","",""
"0.0639","TriEagle Energy L.P.","Fixed price","125","No","No","Don't be fooled by teaser and variable rates - Lock in a great rate!

Prices include energy, transmission, and GRT.
","Residential","RS - Regular Residential Service","24 months","No","","",""
"0.0699","Verde Energy USA, Inc.","Fixed price","","No","No","New enrollments receive $100 in Cash-Back Savings, a 10% discount on energy saving products, and free access to Verde Energy Solutions where customers can monitor and analyze their energy use.","Residential","RS - Regular Residential Service","12 months","No","100.00","",""
"0.0790","WGL Energy Services","Fixed price","0","No","No","Variable price: 66¢
1 Year Fixed price with 5% wind: 69¢
1 Year Fixed price with 50% wind: 74¢
","Residential","RS - Regular Residential Service","12 months","Yes","100.00","",""
"0.0690","WGL Energy Services","Fixed price","0","No","No","Variable price: 66¢
1 Year Fixed price with 50% wind:  74¢
1 Year Fixed price with 100% wind:  79¢","Residential","RS - Regular Residential Service","12 months","Yes","5.00","",""
"0.0660","WGL Energy Services","Variable price","0","No","No","1 Year Fixed price with 5% wind: 69¢
1 Year Fixed price with 50% wind: 74¢
1 Year Fixed price with 100% wind: 79¢","Residential","RS - Regular Residential Service","No term length","Yes","5.00","",""
"0.0722","YEP Energy","Fixed price","150","No","No","Fixed Price 
NO monthly fee
Price includes Gross Receipts Tax 
www.yepenergypa.com 
1 (855) 363-7736
","Residential","RS - Regular Residential Service","18 months","No","","",""
"0.0707","YEP Energy","Fixed price","150","No","No","Fixed Price 
NO monthly fee
Price includes Gross Receipts Tax 
www.yepenergypa.com 
1 (855) 363-7736
","Residential","RS - Regular Residential Service","12 months","No","","",""
"0.0696","YEP Energy","Fixed price","150","No","No","Fixed Price 
NO monthly fee
Price includes Gross Receipts Tax 
www.yepenergypa.com 
1 (855) 363-7736
","Residential","RS - Regular Residential Service","24 months","No","","",""
"0.0579","Town Square Energy","Fixed price","","No","No","5.79¢/kWh Fixed For 12 Month | Zero Service Fees | Zero Enrollment Fees | Zero Cancel Fees | Open to All Customers","Residential","RS - Regular Residential Service","12 months","No","","",""
"0.0689","Liberty Power","Fixed price","$10.00 X REMAINING TERM","Yes","No","Our $25x2 customer loyalty program is offered to new and existing customers that sign up for or renew onto a fixed-rate plan.  After 3 months with Liberty Power, you are eligible to redeem a $25 gift card. After your 12 month anniversary, you are eligible to redeem another $25 gift card - for a total of $50! It's our way of saying Happy Anniversary!","Residential","RS - Regular Residential Service","24 months","No","100.00","",""
"0.0673","Liberty Power","Fixed price","$10.00 X REMAINING TERM","Yes","No","Our $25x2 customer loyalty program is offered to new and existing customers that sign up for or renew onto a fixed-rate plan.  After 3 months with Liberty Power, you are eligible to redeem a $25 gift card. After your 12 month anniversary, you are eligible to redeem another $25 gift card - for a total of $50! It's our way of saying Happy Anniversary!","Residential","RS - Regular Residential Service","36 months","No","100.00","",""
"0.0643","Liberty Power","Fixed price","$10.00 X REMAINING TERM","Yes","No","Our $25x2 customer loyalty program is offered to new and existing customers that sign up for or renew onto a fixed-rate plan.  After 3 months with Liberty Power, you are eligible to redeem a $25 gift card. After your 12 month anniversary, you are eligible to redeem another $25 gift card - for a total of $50! It's our way of saying Happy Anniversary!","Residential","RS - Regular Residential Service","36 months","No","","",""
"0.0525","AP Gas & Electric (PA), LLC","Fixed price","25","No","No","Lock in price security today with our competitive 6-month fixed-rate plan.  Enjoy the peace of mind that comes with choosing APG&E as your electricity supplier.   Offer available to new customers only.  
Flexible.  Affordable. Energy.  That’s APG&E.
","Residential","RS - Regular Residential Service","6 months","No","","",""
"0.0668","AP Gas & Electric (PA), LLC","Fixed price","50","No","No","Lock in long-term price security today with our competitive 24-month fixed-rate plan.  Enjoy the peace of mind that comes with choosing APG&E as your electricity supplier for the next 2 years, knowing that you don’t have to keep switching suppliers.   Offer available to new customers only.  
Flexible.  Affordable. Energy.  That’s APG&E.
","Residential","RS - Regular Residential Service","24 months","No","","",""
"0.0715","BlueRock Energy Inc.","Fixed price","100","No","No","","Residential","RS - Regular Residential Service","12 months","No","","",""
"0.0695","BlueRock Energy Inc.","Fixed price","$100","No","No","Call our office at 877-280-4909 for questions or to sign up.","Residential","RS - Regular Residential Service","24 months","No","","",""
"0.0720","CleanChoice Energy","Fixed price","","No","No","Switch to 100% clean energy with CleanChoice Energy today and claim your promotional National Park Pass when you use the offer NPSPass over the phone at 1-800-460-4900. Now when you support 100% clean renewable energy with CleanChoice Energy not only will you get a National Park Pass to be able to visit more than 2,000 sites across America, but also with your new clean energy plan you'll help keep those sites beautiful for future generations.","Residential","RS - Regular Residential Service","12 months","No","100.00","",""
"0.0830","CleanChoice Energy","Variable price","","No","Yes","12 month agreement - 3 months fixed, 9 months variable. Switch to 100% clean energy with CleanChoice Energy today and claim your promotional National Park Pass when you use the offer NPSPass over the phone at 1-800-460-4900. Now when you support 100% clean renewable energy with CleanChoice Energy not only will you get a National Park Pass to be able to visit more than 2,000 sites across America, but also with your new clean energy plan you'll help keep those sites beautiful for future generations.","Residential","RS - Regular Residential Service","3 months","No","100.00","",""
"0.0599","Vista Energy Marketing L.P.","Fixed price","$75","No","No","Commodity prices fluctuate but, with Vista Energy’s fixed rate plan, your rate will remain the same for 12 months. Order now to lock in a great low price and relax for the next 12 months!","Residential","RS - Regular Residential Service","12 months","No","","",""
"0.0537","Vista Energy Marketing L.P.","Fixed price","","No","No","Commodity prices fluctuate but, with Vista Energy’s fixed rate plan, your rate will remain the same for 3 months. Order now to lock in a great low price! This price is available for new customers only. 
","Residential","RS - Regular Residential Service","3 months","No","","",""
"0.1070","CleanChoice Energy","Fixed price","","No","No","Now all the energy your home uses can be replenished by a regional wind farm in Pennsylvania. This offer is a 12-month fixed rate for 100% clean and renewable wind energy from the Twin Ridges Wind Farm, located in Somerset County, PA. More wind power on the grid means less air pollution and cleaner air for all of us. Switch today and support a project that generates renewable power, good jobs, and healthy Pennsylvanian communities. Eligibility for this product is limited based upon availability.","Residential","RS - Regular Residential Service","12 months","Yes","100.00","",""
"0.0499","Palmco Power PA, LLC","Variable price","","No","Yes","Introductory rate valid for the first 2 months of service, variable thereafter. New customers only. Promotions available (restrictions apply): 
•Dinner & Movie Gift Cards 
•Restaurant.com Gift Cards 
•Referral Credits 
•Senior citizen discounts","Residential","RS - Regular Residential Service","No term length","No","","",""
"0.0822","Palmco Power PA, LLC","Fixed price","","No","Yes","Web Exclusive Fixed Plan: 14 month fixed term contract.  Rate of 0.05790 for the initial 2 months of service, followed by a fixed rate of 0.08215 for the remaining 12 months.  No cancellation fees.  
Promotions available (restrictions apply): 
•Dinner & Movie Gift Cards 
•Restaurant.com Gift Cards 
•Referral Credits  ","Residential","RS - Regular Residential Service","14 months","No","","",""
"0.0740","Green Mountain Energy Company","Fixed price","$150","No","No","All of our residential customers get their electricity supplied from non-polluting wind sources. Visit the site for plan details and to sign up.
","Residential","RS - Regular Residential Service","12 months","No","100.00","",""
"0.0529","Titan Gas and Power","Fixed price","The cancellation fee is $75.","No","No","The cancellation fee is $75 per 12 month term.","Residential","RS - Regular Residential Service","12 months","No","","",""
"0.0511","Titan Gas and Power","Fixed price","$75","No","No","","Residential","RS - Regular Residential Service","6 months","No","","",""
"0.0520","Cirro Energy","Fixed price","","No","No","Choose the Smart Secure PS 12 plan to lock in a fixed electricity rate for 12 months and take control of your electricity bill. Early cancellation fee applies.","Residential","RS - Regular Residential Service","12 months","No","","",""
"0.0690","Cirro Energy","Fixed price","$10/month remaining on term","No","No","Choose the Smart Secure PS 24 plan to lock in a fixed electricity rate for 24 months and take control of your electricity bill. Early cancellation fee applies.
","Residential","RS - Regular Residential Service","24 months","No","","",""
"0.0600","Cirro Energy","Fixed price","$10/month remaining on term","No","No","Choose the Smart Secure PS 6 plan to lock in a fixed electricity rate for 6 months and take control of your electricity bill. Early cancellation fee applies.","Residential","RS - Regular Residential Service","No term length","No","","",""
